Organization,Followed On
Deiser | Tu partner en transformación digital,Wed May 15 09:28:47 UTC 2024
Startups Institute,Wed Apr 17 14:30:47 UTC 2024
Life at Appfire,Mon Dec 18 21:46:57 UTC 2023
knowmad mood,Mon May 29 10:37:32 UTC 2023
Hacking HR,Tue May 31 18:46:04 UTC 2022
CONCILYANDO COWORKING,Tue Apr 05 08:04:52 UTC 2022
Appfire,Wed Mar 30 11:17:40 UTC 2022
OSOCO,Sat Jan 22 11:40:44 UTC 2022
RoninPixels (an Appfire company),Fri Dec 18 19:15:48 UTC 2020
IntNovAction,Fri Oct 23 08:25:16 UTC 2020
Manfred,Wed Apr 24 08:01:39 UTC 2019
Refined,Wed May 10 11:27:33 UTC 2017
Comalatech,Thu Nov 26 23:03:42 UTC 2015
Atlassian,Sat Nov 07 00:58:31 UTC 2015
Tecsisa,Tue Jul 14 23:58:55 UTC 2015
BQ,Mon Jul 06 06:36:13 UTC 2015
StratioBD,Mon Jun 29 02:25:15 UTC 2015
Fintonic,Mon Jun 29 02:15:32 UTC 2015
Squiz Search (Funnelback) - Part of the Squiz DXP,Fri Jun 05 06:39:22 UTC 2015
CSIRO,Mon Mar 02 22:29:24 UTC 2015
Code School,Mon Mar 02 22:28:37 UTC 2015
Autentia by Izertis,Wed Oct 22 00:13:49 UTC 2014
Kaleidos ,Wed Oct 08 02:47:52 UTC 2014
Orion Health,Sun Apr 06 14:47:13 UTC 2014
Zen Ex Machina,Mon Jul 15 01:05:32 UTC 2013
Atomic Object,Mon Apr 22 05:09:03 UTC 2013
nerdErg.com,Sat Dec 01 07:31:29 UTC 2012
atSistemas,Tue Aug 07 11:37:33 UTC 2012
Extrema Sistemas,Tue Aug 07 11:26:44 UTC 2012
Funius,Fri Jul 27 03:19:52 UTC 2012
1up talent,Fri Jul 27 03:12:20 UTC 2012
Agile Digital,Fri Jul 27 02:49:16 UTC 2012
Paradigma Digital,Thu Nov 17 22:22:19 UTC 2011
klicap - ingeniería del puzle,Sat Sep 17 08:25:10 UTC 2011
SRA Information Technology,Wed Oct 09 22:02:32 UTC 2013