Notes:
"When exporting your connection data, you may notice that some of the email addresses are missing. You will only see email addresses for connections who have allowed their connections to see or download their email address using this setting https://www.linkedin.com/psettings/privacy/email. You can learn more here https://www.linkedin.com/help/linkedin/answer/261"

First Name,Last Name,URL,Email Address,Company,Position,Connected On
Sergey,Ryabtsev,https://www.linkedin.com/in/snark-sr,,Appfire,Head of Product Engineering,17 Apr 2025
Aravind,Kashyap,https://www.linkedin.com/in/aravindvks,,Appfire,Director Product Engineering,07 Apr 2025
Bartosz,Tybus,https://www.linkedin.com/in/btybus,,Appfire,Support Manager,31 Mar 2025
Dan,Mihalache,https://www.linkedin.com/in/dmihalache,,Appfire,"Product Management, Rich Filters",28 Mar 2025
Ravi,Varma,https://www.linkedin.com/in/ravi-varma-43820620,,Appfire,Senior Manager,09 Mar 2025
Fila,Bertrand,https://www.linkedin.com/in/fila-bertrand,,Appfire,"Vice President, Pgrm Mgmt & Info Sys",06 Mar 2025
Stefan,Forstmoser,https://www.linkedin.com/in/stefan-forstmoser-2472281,,Appfire,Principal Software Engineer,06 Mar 2025
Akshay ,Saraf,https://www.linkedin.com/in/akshay-saraf-11701112a,,Rocket Software,Software Engineer III,05 Mar 2025
Ivaylo,Mihaylov,https://www.linkedin.com/in/mihaylovivaylo,,Appfire,Software Engineering Manager,15 Feb 2025
Olatz,Castaño Pérez,https://www.linkedin.com/in/olatz-casta%C3%B1o-p%C3%A9rez-39034011a,,Appfire,Software Engineer,12 Feb 2025
Justin,Spies,https://www.linkedin.com/in/justinspies,,Appfire,Distinguished Software Architect,12 Feb 2025
Purna,boyapati,https://www.linkedin.com/in/purnaboyapati,,Appfire,Principal Software Engineer,11 Feb 2025
George,Dinkov,https://www.linkedin.com/in/gdinkov,,Appfire,"Director, Software Engineering",10 Feb 2025
Jagoba,Meabe Aguirre,https://www.linkedin.com/in/jagoba-meabe-aguirre-9b8667143,,Appfire,QA Engineer,09 Feb 2025
Maciek,Saganowski,https://www.linkedin.com/in/macieksaganowski,,Appfire,Director of Product. AI Products,05 Feb 2025
Ivan,Ivanov,https://www.linkedin.com/in/ivan-ivanov-a77206130,,Appfire,Software Engineer,04 Feb 2025
Rachel,Miner,https://www.linkedin.com/in/rachel-miner-5280,,Appfire,Lead Product Manager,30 Jan 2025
Maciej,Swinarski,https://www.linkedin.com/in/maciejswinarski,,Appfire,Principal Software Engineer,28 Jan 2025
Mehmed,Shehov,https://www.linkedin.com/in/mehmed-shehov,,Appfire,Software Engineer | Platform Team,11 Dec 2024
Bartłomiej,Jańczak,https://www.linkedin.com/in/bartlomiejjanczak,,Appfire,Vice President of Software Engineering,10 Dec 2024
Victoria,Budziak,https://www.linkedin.com/in/victoria-budziak-9032671a9,,Appfire,Associate Software Engineer,10 Dec 2024
Radek,Kaźmierczak,https://www.linkedin.com/in/radoslawkazmierczak,,Appfire,Senior Software Engineer,26 Nov 2024
Łukasz,Pieczątka,https://www.linkedin.com/in/%C5%82ukasz-piecz%C4%85tka-258b35166,,Appfire,"Manager, Software Engineering",22 Nov 2024
Kevin,Stark,https://www.linkedin.com/in/kevin-stark-5b77011a,,Appfire,Vice President of Product Management,18 Nov 2024
Paul,Lechner,https://www.linkedin.com/in/paulalanlechner,,Appfire,VP of Product Management,16 Nov 2024
Zach,Phillips,https://www.linkedin.com/in/wzachphillips,,Appfire,Senior Product Analyst,15 Nov 2024
Kavita ,Sanapala,https://www.linkedin.com/in/kavita-s-71180421b,,Appfire,Security Engineer,14 Nov 2024
Antxon,Eguiguren Pérez,https://www.linkedin.com/in/antxon-eguiguren,,Appfire,Software Engineer,14 Nov 2024
Paweł,Guz,https://www.linkedin.com/in/pawelguz,,Appfire,Senior Manager Engineering Operations,25 Oct 2024
Filip,Rogaczewski,https://www.linkedin.com/in/filiprogaczewski,,Appfire,Chief Product Architect,18 Sep 2024
Bill,Jamison,https://www.linkedin.com/in/bill-jamison-a703064,,Appfire,Distinguished Architect,18 Sep 2024
Arkadiusz,Głowacki,https://www.linkedin.com/in/arkadiusz-g%C5%82owacki-398249182,,Appfire,Lead Software Engineer,18 Sep 2024
Fatmagyul,Chitakova,https://www.linkedin.com/in/fatmagyul-chitakova-99894b1a3,,Appfire,Software Engineer,11 Sep 2024
Gonzalo,Romero Fernandez,https://www.linkedin.com/in/gonzaloromerofdez,,Shakers,Enterprise Account Manager,03 Aug 2024
Sai Umesh,Dhanewar,https://www.linkedin.com/in/sai-umesh-dhanewar-3870914a,,Appfire,Lead Engineer - Platform,19 Jul 2024
Aleksandra,Gabrys,https://www.linkedin.com/in/aleksandra-gabrys-59338a116,,Appfire,Learning & Development Facilitator,11 Jul 2024
Ivan,Manolov,https://www.linkedin.com/in/ivmanolov,,Appfire,Lead Software Engineer,10 Jul 2024
Adam,Łukasiewicz,https://www.linkedin.com/in/adam--lukasiewicz,,Appfire,Full-stack Software Engineer,24 Jun 2024
Alicia N.,"Hepler, CPTD",https://www.linkedin.com/in/alicianhepler,,Appfire,Global Director - Learning Experience,15 Jun 2024
DAVID,SANTOS VAQUERO,https://www.linkedin.com/in/david-santos-vaquero-a78514280,,HISPANICA DE CALDERERÍA,Director general,04 Jun 2024
Rama Krishna,Anumola,https://www.linkedin.com/in/rama-krishna-anumola-5619648,,Appfire,Software Engineering Manager,30 Apr 2024
Ricardo,Carrillo,https://www.linkedin.com/in/ricardo-carrillo-9930a944,,Appfire,Support Engineer,24 Apr 2024
javier,larrabe,https://www.linkedin.com/in/javier-larrabe,,Universidad Francisco de Vitoria,Student,11 Apr 2024
Mariano,Galán Martín,https://www.linkedin.com/in/mgalanm,,Tecnofor,Atlassian Business Director,02 Apr 2024
Laura,Kolker,https://www.linkedin.com/in/laura-kolker-5190042,,Appfire,Principal Software Engineer,21 Mar 2024
Jon,Lopez de Guereña,https://www.linkedin.com/in/jonldg,,Appfire,Senior Software Engineering,21 Mar 2024
Ed,Frederici,https://www.linkedin.com/in/edfrederici,,Appfire,Chief Technology Officer,26 Feb 2024
Jacek,Wizmur-Szymczak,https://www.linkedin.com/in/wizmur,,Getint.io,Co-Founder / Co-CEO,13 Feb 2024
Juan Gregorio,Regalado Pacheco,https://www.linkedin.com/in/goyoregalado,,Appfire,Senior Software Engineering,16 Jan 2024
Daniel,Del Valle Jiménez,https://www.linkedin.com/in/daniel-del-valle-jim%C3%A9nez-346a24173,,Worldline,Account Executive-Enterprise/BigCorps,15 Jan 2024
Elvis,Canchari Lapa,https://www.linkedin.com/in/efcanchari,,Atlassian,Atlassian Community Event Leader,07 Nov 2023
Alejandro,Aparicio,https://www.linkedin.com/in/magnitopic,,Telefónica Innovación Digital,FullStack Developer at CDO Product Marketing - Telefónica Chief Digital Office,22 Oct 2023
Eduardo J.,Bravo Blanco,https://www.linkedin.com/in/edujbb,,Appfire,Sr. Full-Stack Engineer,23 Sep 2023
Avelino©,Collar Salazar,https://www.linkedin.com/in/avelinocollar,,Appfire,Software Engineer,22 Jul 2023
Michał,Burnicki,https://www.linkedin.com/in/micha%C5%82-burnicki,,Appfire,Operational Excellence Manager,16 Jul 2023
Irene,Rosell,https://www.linkedin.com/in/irene-rosell-69517512a,,Appfire,UX Developer,14 Jul 2023
Nikki,Závadská,https://www.linkedin.com/in/nikola-zavadska,,Appfire,"Lead Product Manager, Growth",05 Jul 2023
Mark,Eskandar,https://www.linkedin.com/in/markeskandar,,Appfire,Director of Product Management,31 May 2023
Petar,Petrov,https://www.linkedin.com/in/pdpetrov,,Appfire,VP of Software Engineering,16 May 2023
Oskar,Flores,https://www.linkedin.com/in/oskar-flores-40a7b922,,Appfire,Tech Lead,08 May 2023
Román,Díaz Valerio,https://www.linkedin.com/in/rom%C3%A1n-d%C3%ADaz-valerio-87206455,,Santander Digital Services,MetaData & Governance Tech. Architecture Lead,02 May 2023
Patricia,Casado Muñoz,https://www.linkedin.com/in/patricia-casado-mu%C3%B1oz-271a93255,,Appfire,CSR operations support professional ,25 Apr 2023
José Manuel,Monsalvo López,https://www.linkedin.com/in/jos%C3%A9-manuel-monsalvo-l%C3%B3pez-1039418a,,Accenture,Solutions Architect,18 Apr 2023
Raul,Esteban Ortega,https://www.linkedin.com/in/raulestebanortega,,Cerium Tecnologías,Delegado,13 Apr 2023
Julio,Mingo Pedroche,https://www.linkedin.com/in/julio-mingo-pedroche-85116722,,Accenture,Managing Director,06 Apr 2023
Jesús,Amores González,https://www.linkedin.com/in/jesusamores,,Vodafone,Head of Vodafone Innovation Hub (VIHub) in Málaga,30 Mar 2023
Jason,Boileau,https://www.linkedin.com/in/jasonboileau,,Appfire,Engineering Leader,21 Mar 2023
Patricia,Casado,https://www.linkedin.com/in/patricia-casado-988486259,,Appfire,CSR Operations Support Professional,16 Mar 2023
Goriana,Ivanova,https://www.linkedin.com/in/goriana-ivanova-511397236,,Appfire,Support Manager,16 Mar 2023
Judith , Rubio ,https://www.linkedin.com/in/judith-rubio-0151901b9,,Azerca,Colaborador de selección de candidatos,22 Jan 2023
Jamie,Esker,https://www.linkedin.com/in/jamie-esker,,Appfire,Product Marketing Manager,19 Jan 2023
Juan Carlos,García-Reiriz Pampín,https://www.linkedin.com/in/carlospampin,,IZERTIS,Arquitecto de software,02 Dec 2022
Sarah,Head,https://www.linkedin.com/in/sarah-head-a956a521,,Appfire,Sr. Marketing Program Manager ,21 Sep 2022
Adrienne,Koch,https://www.linkedin.com/in/adrienne-koch-57418b225,,Swisscom,HR Consultant,14 Sep 2022
Diego,Rosado,https://www.linkedin.com/in/diegorosadooz,,Appfire,Senior Software Development Engineer,30 Aug 2022
Jeff,Pierce,https://www.linkedin.com/in/harleynut,,Appfire,Senior Vice President Of Engineering,05 Aug 2022
Steven,Kling,https://www.linkedin.com/in/stevenkling,,Appfire,Distinguished Solutions Architect,05 Aug 2022
Prakhar,Srivastav,https://www.linkedin.com/in/prakhar-srivastav-35214518,,Appfire,Engineering Manager,05 Aug 2022
Kiko,Vázquez,https://www.linkedin.com/in/kikovazquez,,Inditex,HR Business Partner Technology Inditex Open Platform & Logistics,11 Jul 2022
Pablo,Cachón Romero,https://www.linkedin.com/in/pablocachon,,Appfire,Support Engineer,01 Jun 2022
Sasha,Corken,https://www.linkedin.com/in/sasha-corken-99325261,,Appfire,"Vice President, People Operations",01 Jun 2022
Ismael,Carpintero García,https://www.linkedin.com/in/ismael-carpintero-garc%C3%ADa-a53680237,,CEDEX - Centro de Estudios y Experimentación de Obras Públicas,Jefe de Área de Estudios y Auscultación de Estructuras,31 May 2022
Beatriz,Zallo Hernández,https://www.linkedin.com/in/beatriz-zallo-hernandez,,Appfire,Backend Engineer,30 May 2022
Nino,Stana,https://www.linkedin.com/in/nino-stana,,Appfire,Solutions Advisor,30 May 2022
Oliver,Cuesta,https://www.linkedin.com/in/oliver-cuesta,cuestaoli@gmail.com,Ve Global,Technical Support Analyst,30 May 2022
Robert,Nicholson,https://www.linkedin.com/in/ran-1,,Appfire,President,29 May 2022
Jagdish,Chugani,https://www.linkedin.com/in/jchugani,,Synapse Health,Chief People Officer,29 May 2022
Jorge,Simón,https://www.linkedin.com/in/jorge-sim%C3%B3n-32112b12,,instituto salesiano ciudad de los muchachos,Profesor,17 May 2022
Paul,King,https://www.linkedin.com/in/paulwilliamking,,The Apache Software Foundation,V.P. and Chair of Groovy PMC,25 Apr 2022
Juan,Soto,https://www.linkedin.com/in/juan-soto-7b62a43,,Confluent,Senior Customer Success Technical Architect,18 Apr 2022
Joseba,Alonso Etxebarria,https://www.linkedin.com/in/joseba-alonso-etxebarria-053795b2,,Appfire,Software Developer,25 Feb 2022
Félix,López,https://www.linkedin.com/in/flopezluis,,Technosylva,VP of Engineering,22 Jan 2022
Eduardo,Bernal,https://www.linkedin.com/in/eduardo-bernal-90057422b,,Airbus,Ingeniero Aeronáutico,17 Jan 2022
Gentzane,Amondo,https://www.linkedin.com/in/gentzaneamondo,,Appfire,HRBP - EMEA,15 Dec 2021
Chris,Cooke,https://www.linkedin.com/in/bigchriscooke,,CollabSoft,CollabSoftie,04 Dec 2021
Anna,Kalinikova 🇺🇦,https://www.linkedin.com/in/anna-kalinikova,,Scandinavian Tobacco Group,Tech Talent Sourcer (via Matchr),13 Nov 2021
Grecia,Camacho,https://www.linkedin.com/in/grecia-camacho1295,,Appfire,Solution Advisor,22 Oct 2021
Robert,Marshall,https://www.linkedin.com/in/robert-marshall-91034582,,Appfire,Technical Writer,21 Oct 2021
Iñaki,Ibarrola Atxa,https://www.linkedin.com/in/inakiibarrolaatxa,,Appfire,Technical Team Lead,21 Oct 2021
Joanna,Tucholska-Lasota,https://www.linkedin.com/in/joanna-tucholska-lasota,,Grid Dynamics,Talent Acquisition Specialist,15 Oct 2021
José María,Ciruelos Gallego,https://www.linkedin.com/in/jos%C3%A9-mar%C3%ADa-ciruelos-gallego-188b1a1b1,,CECA MAGÁN ABOGADOS,Director en el Área de Derecho Público y Regulatorio en CECA MAGÁN Abogados,08 Oct 2021
Marcos,Gabilondo Enríquez,https://www.linkedin.com/in/marcosgabilondo,,Appfire,Senior Infrastructure as Code Developer,08 Jul 2021
Sebastian,Bonino,https://www.linkedin.com/in/sebastian-bonino-4012971a,,Sabre Corporation,Senior Product Manager,17 Jun 2021
Alberto,San Pedro,https://www.linkedin.com/in/albertosanpedro,,Mercer,"Director Organización, Talento y Liderazgo Mercer España",17 Jun 2021
★ Ander,Conal Fuertes,https://www.linkedin.com/in/anderconal,anderconal@protonmail.com,Plain Concepts,Software Engineering Manager,08 Jun 2021
Leslie,Coronado Sandoval,https://www.linkedin.com/in/leslie-coronado-sandoval-b11b05114,,Appfire,Cloud developer,02 Jun 2021
P,H G,https://www.linkedin.com/in/pacohernandezgomez,,,,11 May 2021
Jesús,Rodríguez Márquez,https://www.linkedin.com/in/headhunterexecutivesearch,,Comunidad de Madrid,Profesor Tutor FCT - Grado Superior en Desarrollo de Aplicaciones Multiplataforma,12 Feb 2021
Maria Teresa,Marin,https://www.linkedin.com/in/maria-teresa-marin-58627b77,,Comalatech,Software Engineer,26 Nov 2020
Maria,de Dalmases Franquesa,https://www.linkedin.com/in/maria-de-dalmases-franquesa,,Appfire,Office Manager,25 Nov 2020
Imanol,Obaldia Sanz,https://www.linkedin.com/in/imanol-obaldia-sanz-9ab13890,,Appfire,Software Developer,25 Nov 2020
Iñaki,Pérez-Yarza Alonso,https://www.linkedin.com/in/i%C3%B1aki-p%C3%A9rez-yarza-alonso-121b9070,,Appfire,Senior Quality Assurance Engineer,18 Nov 2020
Martin,Muguruza ,https://www.linkedin.com/in/martin-muguruza-514567108,,The Whiteam,Business Development & Sales Manager,23 Oct 2020
Jordi,Figols,https://www.linkedin.com/in/jordi-figols,,Teaming Labs,Socio fundador,23 Oct 2020
Laia,López Mérida,https://www.linkedin.com/in/laialm00,,Icalia Solutions ,IT Talent Acquisition Team Lead,23 Oct 2020
Carlos,González Abeto,https://www.linkedin.com/in/carlos-ga1,,Freelance,IT Expert,23 Oct 2020
María,Lara,https://www.linkedin.com/in/mar%C3%ADa-lara-42b1579b,,Akkodis,Senior Business Manager IT,23 Oct 2020
Violeta,Georgieva,https://www.linkedin.com/in/violeta-georgieva-290393192,,Artemis Profs,IT Recruitment Manager European Institutions,23 Oct 2020
Lars,Bachmann,https://www.linkedin.com/in/lbachmann,,Adaptavist,Head of Sales EMEA,02 Oct 2020
Luis Daniel,Torres Lemus,https://www.linkedin.com/in/luis-daniel-torres-lemus,,Appfire,Senior Software Engineer,18 Sep 2020
Xiomara,Salas Pedraza,https://www.linkedin.com/in/xiomara-salas-pedraza,,Yugo,Talent Acquisition Specialist (P&C),01 Sep 2020
Ainhoa,Ibáñez Ortilles,https://www.linkedin.com/in/ainhoa-ib%C3%A1%C3%B1ez-ortilles-8446ab71,,Plain Concepts,Talent Acquisition Specialist,01 Sep 2020
Dishni,Gunawardena,https://www.linkedin.com/in/dishni-gunawardena,,All European Careers,Resource Manager,01 Sep 2020
Carla,Villacañas Santos,https://www.linkedin.com/in/carla-villaca%C3%B1as-santos,,Reclut,Senior Recruitment Consultant,01 Sep 2020
Lua,Boschman,https://www.linkedin.com/in/luaboschman,,Freelance,Content Writer and Marketing Specialist,01 Sep 2020
Ander,Rodriguez Varela,https://www.linkedin.com/in/anderrodriguez,,ZenRows,Co-Founder,12 Aug 2020
Hasnae,Rehioui,https://www.linkedin.com/in/viqueen,,SafetyCulture,Senior Staff Software Engineer,16 Jul 2020
Nathalie,Wolfstirn,https://www.linkedin.com/in/nathalie-wolfstirn-95653863,,Supply & Demand Studio,Responsable Ressources Humaines,19 Jun 2020
Rafael,Gozalo Corral,https://www.linkedin.com/in/rafael-gozalo-corral-2a1a4913,,ThePowerMBA,Co-CEO & founder ,12 May 2020
Nicholas,Muldoon,https://www.linkedin.com/in/nmuldoon,,Easy Agile,CEO,05 May 2020
Diego Alejandro,Palmeira,https://www.linkedin.com/in/diego-alejandro-p-738a654,,AXA Group Operations,Integration Solution Architect / Tech Lead,16 Apr 2020
Valentin,Merino Villeneuve,https://www.linkedin.com/in/valentin-merino-villeneuve-61079b,,Airbus Defence and Space,"HO A400M Program Services for UK, France, Spain & Belgium",06 Apr 2020
,,,,,,10 Mar 2020
Javier,Calvete Cavero,https://www.linkedin.com/in/javier-calvete-cavero-09b90a130,,Eureka People,Founder,24 Feb 2020
Cristina,Castillo Diaz,https://www.linkedin.com/in/cristinacastillodiaz,,Worten España,SONAE - RETAIL PROJECT MANAGEMENT,16 Feb 2020
David,Herrera Alonso,https://www.linkedin.com/in/david-h-a7251541,,Appfire,Senior Software Engineering,14 Feb 2020
Michael,Hart,https://www.linkedin.com/in/michael-hart6,,Impax Recruitment,AI | Crypto | Blockchain - US,10 Feb 2020
Miguel,Madinabeitia,https://www.linkedin.com/in/miguel-madinabeitia-a64827,,"Menkar Technology, S.L",CEO,15 Jan 2020
Pedro Pablo,Fernandez Moya,https://www.linkedin.com/in/vancorso,,Epic Games,Art Outsource Manager,08 Jan 2020
Dr. Arbazz,M. Nizami,https://www.linkedin.com/in/arbazznizami,,Esri,Senior Campaign Strategist,07 Jan 2020
Jeanann,O'Connell,https://www.linkedin.com/in/jeanann-o-connell-3859045a,,TLI Group,Talent Acquisition Specialist,20 Dec 2019
Lorena,Prego,https://www.linkedin.com/in/lorenaprego,lorena.p@prometeotalent.com,Prometeo,Founder,20 Dec 2019
Pedro,Luengo Infantes,https://www.linkedin.com/in/pedroluengoi,,DEISER | Te ayudamos con Atlassian,Sales Advocate,05 Dec 2019
Christian,Acevedo,https://www.linkedin.com/in/hracevedo,,StratusGrid,HR Manager,05 Dec 2019
Zoe,Trakosas,https://www.linkedin.com/in/zoetrakosas,,Atlassian,Lead Product Designer,22 Nov 2019
Roman,Bubiakin,https://www.linkedin.com/in/roman-bubiakin,,Wombats Corp,Founder,21 Nov 2019
Mikael,Gross,https://www.linkedin.com/in/mikaelgross,mg@mmpg.xyz,MMPG,Owner,21 Nov 2019
Luz,Trillo,https://www.linkedin.com/in/luztrillo,,Advanced Technological Knowledge ,IT Recruitment Consultant,12 Nov 2019
Santiago,Rubio Carro,https://www.linkedin.com/in/santiagorubiocarro,,HubTalent,Recruitment Manager IT Division | Talent Acquisition Specialist | HRBP,04 Nov 2019
Ari,Chávez,https://www.linkedin.com/in/aritachavez,,OneTrust,Talent Enablement & Program Manager,29 Oct 2019
David,Carrero Fernández-Baillo,https://www.linkedin.com/in/dcarrero,,Stackscale,Cofounder & VP Sales,28 Oct 2019
Pablo,Lozano Garnacho 🔎💻,https://www.linkedin.com/in/pablo-lozano-garnacho-%F0%9F%94%8E%F0%9F%92%BB-11792349,,Find Your Techies (FYT),HR Tech Business Partner | Specialized & Accurate Technologist Headhunter | Soft Skills IT Trainer,16 Oct 2019
Carolina,Gómez Martín,https://www.linkedin.com/in/carolina-g%C3%B3mez-mart%C3%ADn,,ARENA. FINANCIAL TECH,Chief People Officer,16 Oct 2019
Vanessa,Barragán,https://www.linkedin.com/in/vanessa-barrag%C3%A1n,,Ibertech IT Services,HR and Operations Director,15 Oct 2019
Laura,Fernández de Ochoa,https://www.linkedin.com/in/laura-fern%C3%A1ndez-de-ochoa-a7156153,,Hubtalent,Senior HR Consultant,14 Oct 2019
Javier,Hernández Sánchez,https://www.linkedin.com/in/javier-hern%C3%A1ndez-s%C3%A1nchez-102037160,,RENFE,Gerente,14 Oct 2019
Miguel Angel,Zapatero Esteban,https://www.linkedin.com/in/maz-e,,Appfire,Software Engineer,08 Oct 2019
Roberto,Morales,https://www.linkedin.com/in/rmoralesd,,Seedify,Technical Architect,03 Oct 2019
Guillermo,Azqueta,https://www.linkedin.com/in/guillermoazqueta,,Orbyn CS,Senior Private Banker & Managing Director,29 Sep 2019
Paris,Hewitt,https://www.linkedin.com/in/paris-hewitt-663582142,,Finning UK & Ireland,Inside Sales Representative,27 Sep 2019
Rebeca,González,https://www.linkedin.com/in/rebeca-gonz%C3%A1lez-934728193,,Freelance.com,Recruitment Consultant,27 Sep 2019
Gorka,Gallo,https://www.linkedin.com/in/gorkagallo,,Appfire,Senior Software Engineering,20 Sep 2019
Matt,Raible,https://www.linkedin.com/in/mraible,,CrowdStrike,Senior Engineer - Cloud,20 Sep 2019
Marina,Kozlova,https://www.linkedin.com/in/marina-kozlova-8b3987153,,FUT-URE Recruitment and Technology,IT Recruitment Consultant,15 Sep 2019
Elena,Cantero Alonso,https://www.linkedin.com/in/elenacanteroalonso,,Appfire,Product Manager,29 Aug 2019
Francis,Martens 🇺🇦,https://www.linkedin.com/in/francismartens,,Exalate,"Product Owner, Co-founder",26 Aug 2019
Jose,Barrero,https://www.linkedin.com/in/jose-barrero-a99193173,,CSIRO,Research Scientist,21 Aug 2019
Susana,Sánchez Criado,https://www.linkedin.com/in/susana-s%C3%A1nchez-criado-722baa85,,Kairós Digital Solutions S.L.,Talent Acquisition Specialist,05 Aug 2019
Valentina,Ponasova,https://www.linkedin.com/in/valentinaponasova,,TUI,Cyber Security Awareness Analyst,16 Jul 2019
,,,,,,16 Jul 2019
Lashanie,De Silva,https://www.linkedin.com/in/shalanie-de-silva-gopro,,GoPro Consultancy Group,Java Recruitment Specialist,16 Jul 2019
James,Conway,https://www.linkedin.com/in/jamesfconway,,Stealth Mode,Senior Product Manager,15 Jun 2019
Marta,Zaragoza Borssi,https://www.linkedin.com/in/marta-zaragoza-borssi-661913128,,alvatross,IT Talent Acquisition Specialist,12 Jun 2019
Cristina,Andrés de la Iglesia,https://www.linkedin.com/in/cristinaandresdelaiglesia,,Montarelo Recruiting,IT Recruitment Consultant,08 Jun 2019
Andrea,Rivera González,https://www.linkedin.com/in/anrivergo,,Appfire,Software Engineer,23 May 2019
Francesca,Perotti,https://www.linkedin.com/in/francescaperotti,,Francesca Perotti,Spiritual Mentor & Psychic,19 Mar 2019
Jorge,Serrano Dominguez,https://www.linkedin.com/in/jorge-serrano-dominguez-92001a178,,Axpe Consulting,Senior IT Business Consultant,13 Mar 2019
Mila,Naydenova,https://www.linkedin.com/in/mila-naydenova-2a9b21153,,Artemis Profs,"Java Headhunter I 10,000+ Java connections I 40+ Java Clients",01 Mar 2019
,,,,,,20 Feb 2019
Barış Bilen,Vural,https://www.linkedin.com/in/bvural,,Callie.center,Founder,14 Feb 2019
Carlos,Escobar Simón,https://www.linkedin.com/in/carlosescobarsimon,,Hola Talent,Freelance - IT Talent Partner ,06 Feb 2019
Jorge,Merino,https://www.linkedin.com/in/merinojmp,,Appfire,Product Manager,17 Jan 2019
Asier,Gomez Barrenetxea,https://www.linkedin.com/in/asiergomez,,NTT DATA Europe & Latam,Technical Manager,16 Jan 2019
Javier,Alvarez Yenes,https://www.linkedin.com/in/javier-alvarez-yenes-6414aa8,,PagoNxt (a Santander company),Technical Lead,08 Dec 2018
Daniel,Monfort,https://www.linkedin.com/in/daniel-monfort-canalyticals,,Canalyticals,Advisory Board,25 Nov 2018
José Manuel,Hinojosa Peña,https://www.linkedin.com/in/jos%C3%A9-manuel-hinojosa-pe%C3%B1a-91145326,,Ambiser Innovaciones S.L.,Dtor. General,12 Nov 2018
Benjamín,Ruiz Calvo,https://www.linkedin.com/in/benjam%C3%ADn-ruiz-calvo-071ba4172,,Farmacia ,Farmacéutico,25 Oct 2018
María José,Ruiz Olarte,https://www.linkedin.com/in/mar%C3%ADa-jos%C3%A9-ruiz-olarte-87414751,,Fresenius Medical Care,Talent Acquisition Specialist,17 Oct 2018
AG arquitectos,Estudio,https://www.linkedin.com/in/ag-arquitectos-estudio-41a00a62,,A&G arquitectos,Arquitecto Manager,10 Oct 2018
Laura,Pérez Sanz,https://www.linkedin.com/in/laura-p%C3%A9rez-sanz,,SoftwareOne,Talent Acquisition Partner ,02 Oct 2018
Patricia,Yagüe Aladro,https://www.linkedin.com/in/patriciayaguealadro,,Appfire,"Director, Software Engineering",27 Sep 2018
Goriana,Ivanova,https://www.linkedin.com/in/goriana-ivanova,,Appfire,Support Manager,27 Sep 2018
David,García Fernández,https://www.linkedin.com/in/davidgarciaf,,Shopify,Senior Product Manager,26 Sep 2018
Míriam,López Larrosa,https://www.linkedin.com/in/m%C3%ADriam-l%C3%B3pez-larrosa-11691815,,Solar PST,International Sales Manager,25 Sep 2018
Julio,García-Villanova Sanguinetti,https://www.linkedin.com/in/juliogarc%C3%ADa-villanovasanguinetti,,Safresco (Previously San Miguel Fresh),Chief Financial Officer,02 Sep 2018
Unai,Echano,https://www.linkedin.com/in/unaiechano,,Inetum,Arquitecto de software,27 Aug 2018
David,Hernández Mendoza,https://www.linkedin.com/in/david-hernandez-mendoza-70b9296,,Oracle,Senior Principal Service Delivery Engineer,23 Jul 2018
Daniel,Porto Naveiras,https://www.linkedin.com/in/daniel-porto-naveiras,,Strada,SAP SuccessFactors Consultant - Talent modules (RCM RMK ONB),19 Jul 2018
Miriam,Franco López,https://www.linkedin.com/in/miriam-franco-l%C3%B3pez-93ba73a6,,Axians España,Senior IT Recruiter,06 Jul 2018
Blas,Atencio,https://www.linkedin.com/in/batencio,,Metyis,Global Talent Acquisition Manager,15 Jun 2018
Gabriel,Martínez Ávila,https://www.linkedin.com/in/gabrielmartinezavila,,Sawabona Creative,Project Manager | Full-Stack Developer,13 Jun 2018
Isidro,Parga,https://www.linkedin.com/in/isidro-parga-8766b5162,,MinData,CEO,11 Jun 2018
Miguel Angel,Sacristán Salvador,https://www.linkedin.com/in/miguelangelsacristansalvador,,knowmad mood,Co-Owner & Chief Sales Officer,11 Jun 2018
Miguel,Sanz Pareja,https://www.linkedin.com/in/miguel-sanz-pareja-ab4b723b,,OVB Allfinanz España S.A.,Director Regional mediante MS Management 1989 SL,07 Jun 2018
Iñaki,Sánchez,https://www.linkedin.com/in/isanchez92,,Lookiero,Software Engineer - Growth & Finance team,07 Jun 2018
Caroline,Adams,https://www.linkedin.com/in/carolinefelicity,caroline@digital-wayfarer.com,Digital Wayfarer,Digital Navigator & Founder,04 Jun 2018
Lola,Carvajal,https://www.linkedin.com/in/lola-carvajal-694b8243,,CONCILYANDO,Dirección,18 May 2018
Ignacio,de Córdoba,https://www.linkedin.com/in/icordoba,,Intelligent Machines ltd.,Director,16 Apr 2018
Néstor,Rodríguez,https://www.linkedin.com/in/n%C3%A9stor-rodr%C3%ADguez-289201159,,Seabery,HRBP Technology - Talent Management,02 Apr 2018
Monika,Prodanova  ,https://www.linkedin.com/in/monika-prodanova-7a4967a5,,K2 Partnering Solutions,Technical Recruiter ,27 Mar 2018
Javier,Fraile,https://www.linkedin.com/in/jfraile,,HP,Senior Software Engineering,19 Mar 2018
Puneet,Behl,https://www.linkedin.com/in/puneetbhl,,"Object Computing, Inc. (OCI)",Senior Software Engineer,16 Mar 2018
Luis,Boixareu Suárez,https://www.linkedin.com/in/boixa,,F-Secure Corporation,Global Business Development Director,08 Mar 2018
Beatriz,Bernardino,https://www.linkedin.com/in/beatriz-bernardino-a70083142,,CGI,Consultor de desarrollo de software,08 Mar 2018
Sara,Pérez Gilo,https://www.linkedin.com/in/saraperezgilorrhh,,Aegon,HRBP,06 Mar 2018
David,Salas,https://www.linkedin.com/in/davidsalasartal,,Docplanner,Senior Tech Talent Acquisition Partner,05 Mar 2018
Adriana,Zwierzanska Kolaczkowska,https://www.linkedin.com/in/adrianazwierzanska,,Tech Mahindra,Leading Information Technology / Consulting Services for Manufacturing Industry,03 Mar 2018
José Ricardo,López García,https://www.linkedin.com/in/josericardo,,Grupo EULEN,Director de Consultoría y Ciberseguridad del Grupo Eulen,03 Mar 2018
Alex,Dolara,https://www.linkedin.com/in/alexdolara,,Appfire,Product Manager,19 Feb 2018
Arturo,Méndez,https://www.linkedin.com/in/mendezarturo,,Blink Creative Agency,Creative Director,13 Jan 2018
Rafael,Montero,https://www.linkedin.com/in/rafael-montero-37712a14b,,Seaplace,Ingeniero Naval,02 Nov 2017
MªCarmen ,Lopez,https://www.linkedin.com/in/maricarmenlopezsegura,,Jobs4java.eu,Resource Manager,31 Oct 2017
Mariano,Godino,https://www.linkedin.com/in/mariano-godino,,Haleon,Commercial Finance Director (Spain),27 Oct 2017
Cristina,Suárez Corzo,https://www.linkedin.com/in/csuarezcorzo,,Copyright Clearance Center (CCC),Senior Frontend Developer,27 Oct 2017
María Victoria,Carretero Villanueva,https://www.linkedin.com/in/mar%C3%ADa-victoria-carretero-villanueva-b4013726,,Reale Compañía de Seguros S.A.,Técnico de Control de Gestión,19 Oct 2017
Gaudenz,Alder,https://www.linkedin.com/in/gaudenzalder,,draw.io,Founder,15 Oct 2017
Nacho,"Anaya Cañada, Stanford Machine Learning",https://www.linkedin.com/in/nacho-anaya-ca%C3%B1ada-stanford-machine-learning-55b5b533,,EBAN - European Business Angel Network,Managing Director | C-Level Manager | Board Advisor | Business Angel,25 Sep 2017
Pablo,Grueso,https://www.linkedin.com/in/pablogrueso,,SNGULAR,Chief Marketing Officer (CMO),06 Sep 2017
Fco Javier,Coira Pérez,https://www.linkedin.com/in/fjcoira,,Appfire,Principal Software Engineer,20 Jun 2017
,,,,,,24 May 2017
Miguel,Ruiz,https://www.linkedin.com/in/m1gu3lru1z,,Novatec Software Engineering España ,Managing Director,20 May 2017
Thaïs,Herrera,https://www.linkedin.com/in/thaisherrerarodgers,,StratioBD,Employee Relations  & Talent Acquisition Manager ,20 May 2017
Adrienne,Koch,https://www.linkedin.com/in/adrienne-koch-44b30636,,SPS,HR Business Partner ,20 May 2017
Sonia,García Löflund,https://www.linkedin.com/in/sonia-garc%C3%ADa-l%C3%B6flund-7b32a27b,,Zartis,Head of Tech Relations ,20 May 2017
Philip,Hodder,https://www.linkedin.com/in/philip-hodder-23847080,,Atlassian,Senior Software Engineer,20 May 2017
💾 Maria,Heij,https://www.linkedin.com/in/%F0%9F%92%BE-maria-heij-1b441776,,Skånetrafiken,Systemansvarig | Digitalisation in Public Transport,11 May 2017
Genevieve,Blanch,https://www.linkedin.com/in/genevieveblanch,,Atlassian,Channel Manager,10 May 2017
Jimmy,Lundström,https://www.linkedin.com/in/jimmylundstrom,,Refined,Co-Founder,09 May 2017
Guillermo 'Will',Duardo Lonardi,https://www.linkedin.com/in/g-duardo-lonardi,,Netier,System Administrator,24 Apr 2017
Lucas,González Muñoz,https://www.linkedin.com/in/lucas-gonz%C3%A1lez-mu%C3%B1oz-3a24aa123,,Kairós Digital Solutions S.L.,Agile Leader,28 Mar 2017
Carlos,Navas Cerdeiras,https://www.linkedin.com/in/carlos-navas-cerdeiras,,CASER,Director de Sistemas Comunes,28 Mar 2017
Diego,Rojas,https://www.linkedin.com/in/drojas,,Thinking With You,Co-Founder,28 Mar 2017
Francisco Javier,Martínez Páez,https://www.linkedin.com/in/fjmpaez,,IZERTIS,Desarrollador,24 Mar 2017
Alejandro,Pérez García,https://www.linkedin.com/in/alejandro-perez-garcia,,"Autentia Real Business Solutions, S.L.",Owner,24 Mar 2017
Irina,Drozdik,https://www.linkedin.com/in/irinavorontsova,,Kuehne + Nagel,Senior Software Developer,17 Mar 2017
Laura,Soler Manrique,https://www.linkedin.com/in/laurasolermanrique,,CTB Group,HR Manager,07 Mar 2017
💻  César,P.,https://www.linkedin.com/in/perezgarciac,,Agencia Estatal de la Administración Tributaria,Técnico Auxiliar de Informática del Estado,08 Feb 2017
Ignacio,Medina,https://www.linkedin.com/in/ignacio-medina-34a346116,,Aqualia, -,08 Feb 2017
Pablo,Gallego Ortiz de Zarate,https://www.linkedin.com/in/pablo-gallego-ortiz-de-zarate-08ba94115,,Appfire,Technical Team Lead,07 Feb 2017
Kate,Waterford,https://www.linkedin.com/in/katewaterford,,Maliganis Edwards Johnson,Managing Partner,12 Jan 2017
Cristina,Copete García,https://www.linkedin.com/in/cristina-copete,,Pluxee España,Global Tech & Product HRBP,12 Jan 2017
Javier,Hernández,https://www.linkedin.com/in/javier-hern%C3%A1ndez-ab028766,,EY Technology Solutions,"BIG DATA, CLOUD, AI & DATA GOVERNANCE ARCHITECT (E2E Architect :-))",08 Jan 2017
Mike,Rink,https://www.linkedin.com/in/mike-rink,,Seibert Group GmbH,Head of Marketing for draw.io,05 Dec 2016
Luis,García de la Fuente,https://www.linkedin.com/in/luisgdelafuente,,Epica Works,Founder,01 Dec 2016
Vladimir,Cavalcanti,https://www.linkedin.com/in/vladimir-cavalcanti,,Appfire,VP Channel EMEA/APAC at Appfire,05 Nov 2016
Dr. Boris,Kneisel,https://www.linkedin.com/in/bokneisel,,BearingPoint,Senior Business Advisor  /  Enterprise Coach Business Agility & Organizational Re-novation,17 Oct 2016
Victoria,Armijo Alvarez de Rivera,https://www.linkedin.com/in/victoriaarmijoalvarezderivera,,Nerja Paradise Rentals,Customer Service Specialist,17 Oct 2016
Simon,Gatto,https://www.linkedin.com/in/simon-gatto-106b52,,Appfire,Vice President of Channel,16 Oct 2016
Daniel,Luengo Infantes,https://www.linkedin.com/in/danluin,,DEISER,Co-Founder & Head Of Marketing,16 Oct 2016
Javier,Fernández Sainz,https://www.linkedin.com/in/javierfernandezsainz,,zooplus,Technical Product Owner - Productivity Services (Atlassian),15 Oct 2016
Juan,Corbacho Antón,https://www.linkedin.com/in/juan-corbacho-ant%C3%B3n-52b8677b,,Bidafarma,Director técnico farmacéutico Bidafarma,15 Oct 2016
Reda,Chatar,https://www.linkedin.com/in/reda-chatar,,Adaptavist,Head of Work Management,15 Oct 2016
Iñigo,Gonzalez,https://www.linkedin.com/in/inigogonzalez,,The Ronin Ventures,Co-Founder,15 Oct 2016
Iker,Jusué,https://www.linkedin.com/in/ikerjr,,"Navantia, S.A., S.M.E",Head of HR Tech & Process Improvement,07 Oct 2016
Carmen,Méndez Piñeiro,https://www.linkedin.com/in/cmendezp,,Consultora en Responsabilidad Social Corporativa ,Consultora en Responsabilidad Social Corporativa,04 Oct 2016
Elizabeth,Treacy,https://www.linkedin.com/in/elizabeth-treacy-a5557413,,OniGroup,Nordic Lead ,03 Aug 2016
Ana,Maras,https://www.linkedin.com/in/ana-maras-70480ba4,,Rimac Technology,Human Resources Manager,01 Aug 2016
Declan,O'Boyle,https://www.linkedin.com/in/declanoboyleindmand,,Solve Recruitment Australia,Consultant,28 Jul 2016
Andrew,Roberts,https://www.linkedin.com/in/andrew-roberts-5ba580,,Cypher Consulting Europe S.L.,Managing Director / Owner,18 Jul 2016
Sana,Komatsu,https://www.linkedin.com/in/sana-komatsu,,ICPA,Researcher,29 Jun 2016
Manuel,Fidalgo Sicilia,https://www.linkedin.com/in/manuelfidalgo,,RatedPower,Senior QA Engineer,21 Jun 2016
Michael,Regalado Delfin,https://www.linkedin.com/in/michael-regalado-delfin-73427811,,Appfire,Software Engineering Manager,10 Jun 2016
Miguel Angel,Hernandez Perez,https://www.linkedin.com/in/miguel-angel-hernandez-perez-239216b,,Banco de España,Técnico en tecnologías de la información,06 Jun 2016
Miguel Ángel,García Gómez,https://www.linkedin.com/in/miguel-%C3%A1ngel-garc%C3%ADa-g%C3%B3mez-2445937,,Adaptavist,Responsable técnico,01 Jun 2016
Álvaro,Aranda Jiménez,https://www.linkedin.com/in/%C3%A1lvaro-aranda-jim%C3%A9nez-4354a252,,Deiser | Impulsamos tu éxito con Atlassian,Engineering Manager,01 Jun 2016
Alex,Conde,https://www.linkedin.com/in/alex-conde-15a843ab,,Virtual4Real,Development Lead,01 Jun 2016
Antonio David,Fernández Reyes,https://www.linkedin.com/in/antoniodavidfernandez,,knowmad mood,Tech Lead,01 Jun 2016
Viridiana,Silva Pérez,https://www.linkedin.com/in/viridiana-silva-p%C3%A9rez-659a7175,,"Department of Agriculture, Fisheries and Forestry",Data Analyst,10 May 2016
Patricia,Jimenez Jimenez,https://www.linkedin.com/in/patricia-jimenez-jimenez,,Vissē Capital Partners,Talent Manager,03 May 2016
,,,,,,21 Apr 2016
Nik,Arkharov 🔎,https://www.linkedin.com/in/arkharov,,Sourcing Intelligence HQ,Talent Advisor | Founder,07 Apr 2016
Oliver,Reyes,https://www.linkedin.com/in/oliverreyes,,Freelance,Exploring the World | Career break ,29 Mar 2016
Jamie,Adamson,https://www.linkedin.com/in/jamie-adamson-1a0b1b92,,HiTech Group Australia Ltd,Account Manager,15 Mar 2016
Adam,Atteia,https://www.linkedin.com/in/adamatteia,,Australian Electoral Commission,User Experience Designer,09 Mar 2016
Michael,Hope,https://www.linkedin.com/in/michael-hope-1b041a10,,Geoscience Australia,Project Leader,09 Mar 2016
Miguel,Reimer,https://www.linkedin.com/in/miguelreimer,,Comalatech,Customer Experience Manager,09 Mar 2016
Daryl,Karan,https://www.linkedin.com/in/darylkaran,,Appfire,Senior Manager,09 Mar 2016
Miles,Goodhew,https://www.linkedin.com/in/m0les,,Aptira,Cloud Consultant,09 Mar 2016
Geraint,Cooper,https://www.linkedin.com/in/geraint-cooper-2ab79028,,Salt,Managing Consultant - Data Analytics & Cyber Security,09 Mar 2016
Naiara,Martín del Olmo,https://www.linkedin.com/in/naiaramartin,,Appfire,Front-end Tech Lead,03 Mar 2016
Ryan,Bown,https://www.linkedin.com/in/ryanbown1,,Perpetual Hire,Growth Hacker,02 Mar 2016
Jimena,Aguirre Araújo,https://www.linkedin.com/in/jimena-aguirre-ara%C3%BAjo-261191115,jimenaguirre@hotmail.com,Residencia de Estudiantes,Coordinadora de Actos culturales y Exposiciones,15 Feb 2016
Roberto,Dominguez,https://www.linkedin.com/in/rodogu,,Macondo Ventures Limited,Founder,12 Feb 2016
Marina,Trigueros,https://www.linkedin.com/in/marina-trigueros-b5aa84113,,Phenomics Australia,Communications Manager,04 Feb 2016
Dave,Meyer,https://www.linkedin.com/in/hellodavemeyer,,Atlassian,"VP PM / Head of Product, Jira",04 Feb 2016
Rebecca,Pirzl,https://www.linkedin.com/in/rebecca-pirzl-10344a84,,"Department of Climate Change, Energy, the Environment and Water","Branch Head, Science and Australian National Botanic Gardens, Parks Australia",03 Feb 2016
Doug,Palmer,https://www.linkedin.com/in/doug-palmer-abb71b7,,Nope,Retired (mostly),27 Jan 2016
Ali,Salehi,https://www.linkedin.com/in/alisalehi,,Red Hat,Application modernisation and integration architect,26 Jan 2016
,,,,,,17 Jan 2016
Sergio,Sloseris,https://www.linkedin.com/in/sergio-sloseris-41a94011,,Comalatech,Release Engineer,11 Jan 2016
Jakub,Wegrzyn,https://www.linkedin.com/in/jakub-wegrzyn-94ab49111,,Department of Defence,Deputy Director,10 Jan 2016
Gerry,McLaughlin,https://www.linkedin.com/in/gerry-mclaughlin-6b658a3,,ITContractor.com,Owner,06 Jan 2016
David,Jam,https://www.linkedin.com/in/davidjam,,Vertical Scope Group,CEO & Managing Director,09 Dec 2015
José Luis,Del Val,https://www.linkedin.com/in/joseluisdelval,,Universidad de Deusto,Professor,23 Nov 2015
Minky,Faber,https://www.linkedin.com/in/minkyfaber,,"Department of Agriculture, Fisheries and Forestry",Senior Policy Officer,20 Nov 2015
Marta,Yebra,https://www.linkedin.com/in/marta-yebra-40241575,,The Australian National University,Professor,09 Nov 2015
Sergi,Lanau,https://www.linkedin.com/in/lanau,,SIX,IT Manager,05 Nov 2015
Fiona,Lew,https://www.linkedin.com/in/fiona-lew-46134194,,DoiT International,Business Development Team Lead,05 Nov 2015
Maria,Racionero,https://www.linkedin.com/in/maria-racionero-4922a484,,Australian National University,Associate Professor,28 Oct 2015
Shannon,Krebs,https://www.linkedin.com/in/shannonkrebs,,Queensland Police Service,Software Development Manager,27 Oct 2015
Iván,López,https://www.linkedin.com/in/ivanlopezmartin,,Broadcom,Principal Software Engineer,27 Oct 2015
Paul,Kilpatrick,https://www.linkedin.com/in/paul-kilpatrick-52ab817a,,Nova Systems Australia and New Zealand,Cloud Engineer / DevOps Engineer,27 Oct 2015
Pablo,Bernal de la Cierva,https://www.linkedin.com/in/pablo-bernal-de-la-cierva,,Albi Restauración ,Head Chef,12 Oct 2015
Ted,Vinke,https://www.linkedin.com/in/tvinke,,Bank Mendes Gans,Senior Software Engineer,07 Oct 2015
Javier,Arilla Sagüés - PMP®,https://www.linkedin.com/in/javier-arilla-sagues,,ACCIONA,Responsable de Mejoras y Lecciones Aprendidas ,06 Oct 2015
William,Strong,https://www.linkedin.com/in/williamstrong2000,,GaiaVerse Ltd.,Co-Founder and COO,28 Sep 2015
Isabel,Rodriguez Olivar,https://www.linkedin.com/in/isabel-rodriguez-olivar-573124b,,NEXT DIGITAL,Business Development Manager,28 Sep 2015
Julio,Ruiz Sanabria,https://www.linkedin.com/in/julio-ruiz-sanabria-9a35a299,,JRS.Arquitectura,Arquitecto,27 Sep 2015
Jaime,Díaz-Llanos,https://www.linkedin.com/in/jaime-d%C3%ADaz-llanos-67344b19,,Red Eléctrica,Técnico de Gestión de Proyectos,26 Sep 2015
🤔💭 Inés,Muñoz Vidal,https://www.linkedin.com/in/inesmunoz,,Skaleet,Sales Manager Southern Europe ,26 Sep 2015
Teagan,Osborne,https://www.linkedin.com/in/teagan-osborne-a207a0b6,,ASPL Group,Head Of Operations,24 Sep 2015
Sebastian,Martin Aguilar,https://www.linkedin.com/in/sebastianmaguilar,,Checkmarx,Solutions Architect,21 Sep 2015
Leo,Díaz Murillo,https://www.linkedin.com/in/leodmurillo,,Deiser | We drive your success with Atlassian,Chief Operations Officer,17 Sep 2015
Roberto,Canales Mora,https://www.linkedin.com/in/rcanales,,IZERTIS,Director de Desarrollo de Negocio,16 Sep 2015
Alberto,Moratilla,https://www.linkedin.com/in/albertomoratilla,,Narrativa,CTO,16 Sep 2015
David,Gómez García,https://www.linkedin.com/in/dgomezg,,Factorial,Software Engineer,16 Sep 2015
Boyd,Wentworth-Sheilds,https://www.linkedin.com/in/boydwentworthshields,,Fireblocks,"Director, Payments APAC",13 Sep 2015
Xavier,Vaucois,https://www.linkedin.com/in/xaviervaucois,,Omundu,COO,11 Sep 2015
Nick,dos Remedios,https://www.linkedin.com/in/nick-dos-remedios-67a937104,,CSIRO,Senior Software Developer,08 Sep 2015
Jaime,Guitart,https://www.linkedin.com/in/jaimeguitart,jaimeguitartfuentes@gmail.com,GreenIce,Director of Sales and Operations,06 Sep 2015
Carmela,Seijo Veiguela,https://www.linkedin.com/in/carmela-seijo-veiguela-a926a83,,OEPM ES,Técnica superior/Examinadora de patentes,06 Sep 2015
Gorka,"Puente, Ph.D.",https://www.linkedin.com/in/gorkapuente,,Appfire,Director of Product Management,02 Sep 2015
José Luis,Cea,https://www.linkedin.com/in/jocea,,Rubrick' Sfere,CEO,31 Aug 2015
Fabrizio,Fornarelli,https://www.linkedin.com/in/itpeopleaustralia,,IT People Australia Pty. Ltd.,Founder & Managing Director,28 Aug 2015
Alejandro,Milans,https://www.linkedin.com/in/alejandromilansserit,,SERIT Consulting,Consultor Selección IT,25 Aug 2015
Laura,Castellanos,https://www.linkedin.com/in/laura-castellanos-ortega,,Centro de psicología online,Psicóloga sanitaria y psicoterapeuta humanista,21 Aug 2015
Sergio,del Amo Caballero,https://www.linkedin.com/in/sergiodelamo,,Oracle,Principal Member of Technical Staff,21 Aug 2015
Jesus,Salazar,https://www.linkedin.com/in/jesus-salazar-a0605a4,,Valuable People PTY LTD,Senior SAP Consultant,18 Aug 2015
Peter,Doherty,https://www.linkedin.com/in/peter-doherty-853a372,,Australian Plant Phenomics Network,"Data Consultant, Australian Plant Phenomics Network",18 Aug 2015
M Shahbaz,Altaf,https://www.linkedin.com/in/msaltaf,,NTT,Senior Consultant AI & Data,11 Aug 2015
,,,,,,09 Aug 2015
Alex,Nguyen,https://www.linkedin.com/in/alexnguyensydney,,Talent,Senior Recruitment Consultant (Tech & Business),30 Jul 2015
,,,,,,20 Jul 2015
Almudena,Moreno Salazar,https://www.linkedin.com/in/almudenam,,College HUNKS Hauling Junk and Moving,Business Owner,15 Jul 2015
,,,,,,09 Jul 2015
Mic,Neale,https://www.linkedin.com/in/michaelneale,,Block,Principal Engineering - Applied AI ,19 Jun 2015
Simon,Bear,https://www.linkedin.com/in/simon-bear-26626a15,,CSIRO,Software Engineer,16 Jun 2015
Mark,Chambers,https://www.linkedin.com/in/mark-c-1663a4a1,,National Library of Australia,Senior Software Developer,01 Jun 2015
Denis,Halupa,https://www.linkedin.com/in/denis-halupa-4b416a1,,ABZ Reporting GmbH,Head of Software Development,29 Apr 2015
,,,,,,13 Apr 2015
Dave,Martin,https://www.linkedin.com/in/dave-martin-a008426,,GBIF: The Global Biodiversity Information Facility,Senior Data Engineer,13 Apr 2015
Alan,Severini,https://www.linkedin.com/in/alanseverini,,The University of Queensland,Postdoctoral Research Fellow,11 Apr 2015
Miguel,Tomico,https://www.linkedin.com/in/migueltomico,,HCLSoftware,Technical Advisor,06 Apr 2015
James,Ward,https://www.linkedin.com/in/jamesward,,Amazon Web Services (AWS),Principal Developer Advocate,26 Mar 2015
,,,,,,25 Mar 2015
Jacqui,Custodio,https://www.linkedin.com/in/jacquelinecustodio,,NTT Global Networks,Principal Consultant  - Software Lifecycle Services,13 Mar 2015
Graeme,Rocher,https://www.linkedin.com/in/graemerocher,,Oracle,Senior Architect,11 Mar 2015
Emma,Bumpus,https://www.linkedin.com/in/emmabumpus,,NTT Ltd.,Client Manager,03 Mar 2015
Taryn,Johnson,https://www.linkedin.com/in/taryn-johnson-superstaryn,,CSIRO,Business Support Officer,23 Feb 2015
ALBERTO,GILABERTE JEREZ,https://www.linkedin.com/in/alberto-gilaberte-jerez-05493aa6,,"SEFES ASESORAMIENTO, S.L.",Asesor Fiscal-Contable,11 Feb 2015
Matt,Andrews,https://www.linkedin.com/in/mynameismattandrews,,Atlas of Living Australia,DevOps Manager,08 Feb 2015
Guillermo,Estévez de Cominges,https://www.linkedin.com/in/guillermoestevezdecominges-mit-estrategia-desarrollonegocio-financiero-transformaci%C3%B3n-innovaci%C3%B3n,,Gradual,CEO,02 Feb 2015
Bill,Simpson-Young,https://www.linkedin.com/in/billsimpsonyoung,,Gradient Institute Ltd,Chief Executive Officer,28 Jan 2015
Victor,"Lopez,MBA",https://www.linkedin.com/in/channelmanagernetsuite,,Oracle,Regional  Sales Manager for Netsuite,27 Jan 2015
Vincent,Gonnot,https://www.linkedin.com/in/vincentgonnot,,Airtable,RVP EMEA South,21 Jan 2015
Marta,Leblic,https://www.linkedin.com/in/marta-leblic-a787b5aa,,Gobierno de Castilla-La Mancha,Maestro,17 Dec 2014
Benjamin,Muschko,https://www.linkedin.com/in/benjaminmuschko,,Automated Ascent LLC,Independent Consultant and Trainer,17 Dec 2014
,,,,,,15 Dec 2014
Mahmoud,Sadeghi,https://www.linkedin.com/in/sadeghim,,CSIRO,Data Analyst,13 Nov 2014
Martin,Bohun,https://www.linkedin.com/in/martinbohun,,Australian Federal Government Department,Senior Software Developer / DevOps,12 Nov 2014
RAQUEL,BALBÁS APARICIO,https://www.linkedin.com/in/raquel-balb%C3%A1s-aparicio-1a4581a7,,Universidad Complutense de Madrid,"Investigadora Principal de Proyecto de investigacion ""Nuevos Retos Actuariales""",28 Oct 2014
Belinda,Cooke,https://www.linkedin.com/in/belinda-cooke-ab052898,,Publicis Sapient,Talent Acquisition Manager,22 Oct 2014
Leif,Hanlen,https://www.linkedin.com/in/leifhanlen,,Scyne Advisory,Director,22 Oct 2014
Álvaro,Sánchez-Mariscal Arnaiz,https://www.linkedin.com/in/mariscal,,Oracle,Principal Member Of Technical Staff,17 Oct 2014
Mats,Henrikson,https://www.linkedin.com/in/mats-henrikson-7174792,,x-RD,Senior Software Engineer,17 Oct 2014
Cheng Soon,Ong,https://www.linkedin.com/in/cheng-soon-ong-38bbb524,,CSIRO's Data61,Associate Science Director ,13 Oct 2014
Alberto,Florez,https://www.linkedin.com/in/florezalberto,,The Australian National University,Sessional Tutor,26 Sep 2014
Telitha,Schroedl,https://www.linkedin.com/in/telitha-schroedl-10867154,,Department of the Prime Minister and Cabinet,Director Gender-based violence - comm state engagement ,17 Sep 2014
Francisco Javier,Diéguez Castelo,https://www.linkedin.com/in/francisco-javier-di%C3%A9guez-castelo,,SEMIPERÚ,GERENTE DE OPERACIONES,15 Sep 2014
Charles,Gretton,https://www.linkedin.com/in/cgretton,,The Australian National University,Associate Professor,12 Sep 2014
,,,,,,03 Sep 2014
(Ash) Akshata,Khandekar,https://www.linkedin.com/in/ash-akshata-khandekar-6bb13214,,Medibank,Lead Iteration Manager,01 Sep 2014
Manuel,Velasco del Pozo,https://www.linkedin.com/in/manuel-velasco-del-pozo-ing-minas,,Seromal,Jefe de Área de Mantenimiento de Instalaciones Deportivas en SEROMAL,26 Aug 2014
Steve,Jobson,https://www.linkedin.com/in/steve-jobson,,Talent International,Account Director,26 Aug 2014
Luciana,Porfirio,https://www.linkedin.com/in/luciana-porfirio-2a5b418b,,Australian Government,Team Lead Manager,25 Aug 2014
Monica,Sherwood,https://www.linkedin.com/in/monica-sherwood-31b9b967,,Fullmind,"Director of Sales, West",18 Aug 2014
Joe,Mammoliti,https://www.linkedin.com/in/joemammoliti,joe.mammoliti@icognition.com.au,iCognition,CEO,14 Aug 2014
James,Swann,https://www.linkedin.com/in/jamesswann,,Australian Department of Immigration and Border Protection,Software Developer,13 Aug 2014
Francesco,Gápito,https://www.linkedin.com/in/fgapito,,CRIF,Corporate Architect Consultant,11 Aug 2014
Miguel,Jimenez-Berni,https://www.linkedin.com/in/miguel-jimenez-berni-50898128,,INGNIA Solutions,Founder & CEO,11 Aug 2014
Luca,Cavanna,https://www.linkedin.com/in/lucacavanna,,Elastic,Principal Software Engineer II,17 Jul 2014
Cliff,Obrecht,https://www.linkedin.com/in/cliff-obrecht-79ba9920,,Canva,Co - Founder & COO,10 Jul 2014
,,,,,,07 Jul 2014
Neil,Bacon,https://www.linkedin.com/in/neil-bacon-37988b28,,Freelance,Grey Nomad,27 May 2014
Tony,Henshaw,https://www.linkedin.com/in/tony-henshaw-38504521,,Limestone Plains Group,Principal,27 May 2014
José M.,Álvarez,https://www.linkedin.com/in/josemalvarezlopez,,NVIDIA,"Director, AV Applied Research",27 May 2014
PABLO,CASANOVA,https://www.linkedin.com/in/pablo-casanova-72868887,,Casanova Dental,Director Medico,19 May 2014
Michael,Phillips,https://www.linkedin.com/in/michael-phillips-b797ba56,,mjp business solution for CBRIN,Co-facilitator; Mentor - Wodonga Accelerator,18 May 2014
Anthony,Bortolotto,https://www.linkedin.com/in/anthonybortolotto,,Infinite Networks,Managing Director,08 May 2014
Jesús,Belascoain,https://www.linkedin.com/in/jes%C3%BAs-belascoain-451a1618,,Muzinich & Co,Head of Business Development - US Offshore,06 May 2014
Juan Pablo,Guerschman,https://www.linkedin.com/in/juan-pablo-guerschman-4876504,,Cibo Labs Pty Ltd,Senior Remote Sensing Scientist,06 May 2014
Ana,Belgun,https://www.linkedin.com/in/ana-belgun-05967253,,Terria,Co-Founder & CEO,03 May 2014
Miguel Ángel,Monteagudo,https://www.linkedin.com/in/miguel-%C3%A1ngel-monteagudo-09aa9333,,JCCM,Profesor,23 Apr 2014
Pedro Manuel,Porta Martinez,https://www.linkedin.com/in/pedro-manuel-p-33639795,,Paradigma Digital,DevOps Engineer,16 Apr 2014
Ángel,Núñez Simón,https://www.linkedin.com/in/%C3%A1ngel-n%C3%BA%C3%B1ez-sim%C3%B3n-aa5978a,,Accenture,Senior manager,24 Mar 2014
NJ,Sampson,https://www.linkedin.com/in/noelynsampson,,Edmen Community Staffing Solutions,Recruitment Coordinator,24 Mar 2014
Michael,Noonan AO FAICD,https://www.linkedin.com/in/michael-noonan-ao-faicd-3a15a146,mjnoonan05@gmail.com,Swinburne University of Technology,Adjunct Professor,21 Mar 2014
Saleta,Perez-Vila,https://www.linkedin.com/in/saleta-perez-vila-009a2010,,CSIRO,Quarantine manager and research technician,18 Mar 2014
Lawrence,Crowther,https://www.linkedin.com/in/lawrencecrowther,,Snyk,Head of Solutions Engineering APJ,12 Mar 2014
Iria Sabela,Gómez Pérez,https://www.linkedin.com/in/iria-sabela-g%C3%B3mez-p%C3%A9rez-5864b368,,"Clinica Dental IC, CB",Autónoma,06 Mar 2014
Henry,Blackwood,https://www.linkedin.com/in/henry-blackwood-13966691,,AMG Superior People-Recruitment Specialists,HR Partner,01 Mar 2014
Lachlan,Shields,https://www.linkedin.com/in/lachlan-shields-43708b64,,Aurec,Head of Bid Management,19 Jan 2014
Guadalupe,Islas,https://www.linkedin.com/in/guadalupe-islas-91741886,,SysMind LLC,IT Recruiter,16 Jan 2014
Esteban,Martinez,https://www.linkedin.com/in/esteban-martinez-5935367,,Centro Nacional de Biotecnologia,Senior Staff Scientist,16 Jan 2014
Ignacio,Horcada Bernal,https://www.linkedin.com/in/ignaciohorcadabernal,,Akamai Technologies,Senior Site Reliability Engineer,06 Jan 2014
Gideon,Mazzilli,https://www.linkedin.com/in/gideonmazzilli,,Red Rokk Creative,Senior Software Engineer,01 Jan 2014
Sara,Pinzon,https://www.linkedin.com/in/sara-pinzon-0b56342a,,CSIRO,Post-Doc Fellow,15 Dec 2013
Sudesh,Ranasinghe,https://www.linkedin.com/in/sudesh-ranasinghe-68283985,,IP Australia,Director,28 Nov 2013
Elena,Martin Avila,https://www.linkedin.com/in/elena-martin-avila-2602013a,,Australian Department of Foreign Affairs and Trade,Assistant Director,27 Nov 2013
Pablo,Rozas Larraondo,https://www.linkedin.com/in/pablo-rozas-larraondo-a2182686,,Haizea Analytics Pty Ltd,Managing Director (CEO/Founder),24 Nov 2013
Elena,Orti,https://www.linkedin.com/in/elena-orti-a0310381,,Inditex,Control de Gestion en Zara Home,11 Nov 2013
Robert,Imbriano,https://www.linkedin.com/in/robert-imbriano-0641559,,"Department of Industry, Innovation and Science",Contractor / Dynamics CRM Specialist,23 Oct 2013
María del Mar,Vicente Hernández,https://www.linkedin.com/in/mar%C3%ADa-del-mar-vicente-hern%C3%A1ndez-1096a863,,RODRIGO ABOGADOS,Abogada,23 Oct 2013
Gavin,Jackson,https://www.linkedin.com/in/gavin6252,,Australian Government ,Systems Administrator,09 Oct 2013
Carmen,Lasheras Ruiz,https://www.linkedin.com/in/carmen-lasheras-ruiz-09bb0858,,Farmacia Lasheras,Pharmacy Manager,09 Oct 2013
Nicolas,Gutierrez,https://www.linkedin.com/in/nicolas-gutierrez-a0679631,,Simplified.,Co-Founder/Director.,09 Oct 2013
Rebeca,Gonzalez-Bayon,https://www.linkedin.com/in/rebeca-gonzalez-bayon-195a6414,,Edexcel,Marker,25 Sep 2013
Marta,Gómez Álvarez,https://www.linkedin.com/in/martag9,,Paradigma Digital,"Head of People, Culture & Talent",18 Sep 2013
Almudena,Barrancos,https://www.linkedin.com/in/almudenabarrancosmarketing,,COMPRALAENTRADA,Responsable oficina de festivales Ayuntamiento de San Javier,12 Sep 2013
Joseph,Webber,https://www.linkedin.com/in/joseph-webber-b563627b,,Tough Audio,Owner,03 Sep 2013
Viplav (Victor),Ashar,https://www.linkedin.com/in/vicashar,,TATEEDA | GLOBAL,Senior Partner / Senior Sales Executive,20 Aug 2013
Glen,Smith,https://www.linkedin.com/in/glen-a-smith,,Bytecode Pty Ltd,"Developer Training (Git, Agile, JavaScript, AngularJS)",09 Aug 2013
Ricardo,Garcia,https://www.linkedin.com/in/ricardo-garcia-93402577,,Criteria About Develop,GSM Consultant / Scrum Master,06 Aug 2013
Marta,Guadalupo Castillo,https://www.linkedin.com/in/martaguadalupo,,Aircall,Senior Technical Program Manager,05 Aug 2013
javier,borrajo,https://www.linkedin.com/in/javier-borrajo-7454682b,,Evolutio Cloud Enabler S.A.U.,UX & CX – Consultancy & Innovation,04 Aug 2013
Pedro,Fdez Camacho,https://www.linkedin.com/in/pedrofernandezcamacho,,Indra,Especialista sénior,02 Aug 2013
Tracey,Voss,https://www.linkedin.com/in/traceyvoss,,nerdErg.com,Director,17 Jul 2013
Zul,Al-Kabir,https://www.linkedin.com/in/zul-al-kabir-9653a568,,Exemplar Systems,Senior Director,08 Jul 2013
Ismael,Cabañas García,https://www.linkedin.com/in/ismael-caba%C3%B1as-garc%C3%ADa-8b679040,,Altran,Java Software Engineer,28 Jun 2013
Carlos,Fernández López,https://www.linkedin.com/in/carlosfernandezlopez,,Candela Medical,Director of Financial Planning and Analysis,27 Jun 2013
Adrian,Garrido Sanchis,https://www.linkedin.com/in/adrian-garrido-sanchis-ba55b269,,UNSW Canberra,Lecturer,23 Jun 2013
Georgina,Jené,https://www.linkedin.com/in/georginajene,,Zinklar,People Manager,10 Jun 2013
Alberto,Barroso Paredes,https://www.linkedin.com/in/alberto-barroso-paredes-23730064,,Comunidad de Madrid,Técnico Superior,04 Jun 2013
Amal,De Silva (MAHRI),https://www.linkedin.com/in/amaldesilva,,Carers Victoria,HR Advisor,27 May 2013
Vicente,Martin Ferreras,https://www.linkedin.com/in/vicentemartinferreras,,Infor,CPQ Senior Consultant,25 May 2013
Guillermo,Montoya,https://www.linkedin.com/in/guillermo-montoya-4634281,,DEISER,Owner & Executive President,25 May 2013
Marthinus,Van Der Westhuizen,https://www.linkedin.com/in/marthinus-van-der-westhuizen-0628974,,IP Australia,Patent Examiner,24 May 2013
Stephen,Davies,https://www.linkedin.com/in/stephen-davies-92b959,,Red Hat,Senior DevOps Consultant,24 May 2013
Gema,Martín del Burgo,https://www.linkedin.com/in/gema-mart%C3%ADn-del-burgo-ba1a6969,,Ellas Vuelan Alto,ELLAS VUELAN ALTO - Vicepresidenta,21 May 2013
Adrián,Sendra,https://www.linkedin.com/in/adri%C3%A1n-sendra-1342a14a,,Airbus Defence and Space,Software Tools & Innovations (Training Delivery & Operational Support),09 May 2013
Miguel,Arce Cruz,https://www.linkedin.com/in/miguel-arce-cruz-44a53129,,Klarna,Head of Sales Success,09 May 2013
Lara,Vara Fernández,https://www.linkedin.com/in/lara-vara-fern%C3%A1ndez-7851465a,,Vara Restaurante & Eventos,Directora de gestión de eventos,01 May 2013
Jose Luis,Piedrahita,https://www.linkedin.com/in/jlpiedrahita,,New Relic,Software Engineer | Streaming Services,24 Apr 2013
Matthew,Lyon,https://www.linkedin.com/in/matthew-lyon-5408038,,SAHMRI,Project Manager / Systems Analyst,23 Apr 2013
Lucía,Freire Fernández,https://www.linkedin.com/in/luc%C3%ADa-freire-fern%C3%A1ndez-80455528,,EY,Abogado,23 Apr 2013
Patricio,González Sevilla,https://www.linkedin.com/in/patricio-gonz%C3%A1lez-sevilla-99281769,,SmileandLearn,Senior Unity Developer,03 Apr 2013
Fernando,De Cuadra García,https://www.linkedin.com/in/fernandod2,,Instituto de Investigación Tecnológica,Investigador,03 Apr 2013
Aranzazu,Cabello Leblic,https://www.linkedin.com/in/aranzazu-cabello-leblic-694a0367,,Junta de Andalucía,Forest Engineer,02 Apr 2013
Francisco (Paco),Gómez,https://www.linkedin.com/in/franciscopacogomez,,RavenPack,Team Lead (Associate Vice President),27 Mar 2013
H,Pejcinovic,https://www.linkedin.com/in/hpejcinovic,,Oracle,Master Principal Architect,24 Mar 2013
Alberto,Vilches,https://www.linkedin.com/in/albertovilches,,IBM,Senior Software Engineering,23 Mar 2013
John,McManus,https://www.linkedin.com/in/johnpatrickmcmanus,,Defence company,Defence industry professional,20 Mar 2013
Stewart,Brooker,https://www.linkedin.com/in/stewartbrooker,,Anuj Associates PTY LTD,Marketing Business Development Manager,15 Mar 2013
Rahul,Desai PMP®,https://www.linkedin.com/in/therahuldesai,,ServiceNow,Sr Platform Architect,15 Mar 2013
Hugo,Alonso Cantabrana,https://www.linkedin.com/in/hugo-alonso-cantabrana-10750728,,CSIRO,Business Development Manager - Agriculture and Food,14 Mar 2013
Alex,Taylor,https://www.linkedin.com/in/alex-taylor-06041614,,Australian Government Department of Defence,Director,13 Mar 2013
Victor,Torres,https://www.linkedin.com/in/victor-torres-0327b367,,Diebold Nixdorf,Técnico de campo ATM y retail,11 Mar 2013
Chanura,Hemal,https://www.linkedin.com/in/chanura-h-1b70a77,,PEXA,Senior Software Engineer,10 Mar 2013
Iván,Rapado Ranera,https://www.linkedin.com/in/iv%C3%A1n-rapado-ranera-92789951,,"Geacam, S.A.",Abogado,28 Feb 2013
Ivan,Pareja Larios,https://www.linkedin.com/in/ivan-pareja-larios-2665a066,,CNAT A.I.E,Project Manager,24 Feb 2013
Jorge,Garcia,https://www.linkedin.com/in/jorge-garcia-40275a37,,Ministerio de Educación,profesor,18 Feb 2013
David,Bain-Smith,https://www.linkedin.com/in/dbs01,,Calleo,Managing Director,24 Jan 2013
Raquel,Nicolas,https://www.linkedin.com/in/raquel-nicolas-21a46a2,,Unión de Asociaciones de Estanqueros de España,Consejera  Organizacion y Comisionado para el Mercado de Tabacos,13 Jan 2013
Faraz,Mahmood,https://www.linkedin.com/in/faraz-mahmood-b6aa7762,,Plutosoft,Chief Technology Officer,03 Jan 2013
Ross,Rowe,https://www.linkedin.com/in/rossrowe,,Australian Government,Software Developer,01 Dec 2012
Lucia,Manrique,https://www.linkedin.com/in/lucia-manrique-319b0a,,European Union Delegation in Riyadh,Political Counsellor,01 Dec 2012
Carlos,Nuño Lopez,https://www.linkedin.com/in/carlos-nu%C3%B1o-lopez-9b6110a,,Iberdrola,"M & A Development, Manager /  Strategy Senior Analyst",27 Nov 2012
David,Méndez Esteban,https://www.linkedin.com/in/david-m%C3%A9ndez-esteban-b36820,,BBVA,Talent & Culture Engineering,25 Nov 2012
Luke,Butler,https://www.linkedin.com/in/lubutler,,Needus,Founding Director,11 Nov 2012
Jesús A.,García Granda,https://www.linkedin.com/in/jes%C3%BAs-a-garc%C3%ADa-granda-a04b6812,,Construcciones y obras Llorente S.A. (COLLOSA),DIRECTOR CONSTRUCCIÓN,05 Oct 2012
Saray,Torrejón Navarro,https://www.linkedin.com/in/saraytn,,Securitas Direct by Verisure,Product Owner / IT Business Analyst,03 Oct 2012
PROFIND,SELECCION,https://www.linkedin.com/in/profind-seleccion-69277855,,,,01 Oct 2012
Marta,Calvo moya,https://www.linkedin.com/in/marta-calvo-moya-83293136,,Hospital Universitario Puerta de Hierro Majadahonda,Médico adjunto,26 Sep 2012
Edgar,Duran Morales,https://www.linkedin.com/in/edgar-duran-morales,,VASS,PRINCIPAL SOLUTION ARCHITECT,17 Sep 2012
Albert,van Dijk,https://www.linkedin.com/in/albert-van-dijk-179597,,Haizea Analytics,Director (Co-founder),14 Sep 2012
Esteban,Naveso,https://www.linkedin.com/in/estebannaveso,,Axpe Consulting,Global Solutions Architect en Santander Tecnología,03 Sep 2012
Florian,Busch,https://www.linkedin.com/in/florian-busch-9aabba18,,University of Birmingham,Associate Professor,27 Aug 2012
Rohan,Bishop,https://www.linkedin.com/in/rohanbishop,,Defence Trailblazer,Partnership Manager,27 Aug 2012
Helen,Nathan,https://www.linkedin.com/in/helen-nathan-5b130a33,,Helen Nathan,Accountant,22 Aug 2012
Jason,Choi,https://www.linkedin.com/in/jasonswchoi,,Environment Protection Authority Victoria - Centre for Applied Sciences,Scientist - Air,21 Aug 2012
Jose A.,Jimenez-Berni,https://www.linkedin.com/in/jose-a-jimenez-berni-59ba901b,,Consejo Superior de Investigaciones Científicas,Científico Titular,17 Aug 2012
Mira,DSilva,https://www.linkedin.com/in/miradsilva,,Delivery Centric,Director- AI LLM CyberSecurity,16 Aug 2012
Ana,D.,https://www.linkedin.com/in/analizadaniel,,Manpower Alberta,Lead Development Representative,13 Aug 2012
Carlos,Méndez Moreno,https://www.linkedin.com/in/carlos-m%C3%A9ndez-moreno-4697844a,,ECB,Jefe de proyecto,05 Aug 2012
Peter,Black,https://www.linkedin.com/in/peter-black-91033827,,SRA Information Technology,Deputy Chief Executive Officer,30 Jul 2012
David,Elliot,https://www.linkedin.com/in/davidmelliot,,Agile Digital,Executive Director,28 Jul 2012
Israel,Alcazar,https://www.linkedin.com/in/ialcazar,,Thinking With You,"Socio Co-Fundador, Consultor Organizacional & Agile Coach",27 Jul 2012
José,Monge Martín,https://www.linkedin.com/in/josemongemartin,,Grupo MASMOVIL,Data Analytics and Business Intelligence Consultant,27 Jul 2012
Jorge,Benjumea Gomez,https://www.linkedin.com/in/jbenjumea,,Telefónica,"Senior Full Stack & AI Developer, Functional Analyst, Pre-Sales / Solutions Engineer ",27 Jul 2012
Francisco Jose,Barrera Rodriguez,https://www.linkedin.com/in/f-barrera-rodriguez,,ALESTIS AEROSPACE,Chief of Design,13 Jul 2012
Antonio,de Sousa Barroso,https://www.linkedin.com/in/adesousab,,,,18 Jun 2012
Irantha,Rajapaksha,https://www.linkedin.com/in/irantha-rajapaksha-2630aa25,,SRA Information Technology,Cloud Architect/DBA,16 Jun 2012
Eduardo,de Castro,https://www.linkedin.com/in/eduardo-de-castro-11339826,,DCA,Architect,03 Jun 2012
Achana Dhanushka,Weerathunga,https://www.linkedin.com/in/achana-dhanushka-weerathunga-899a6a22,,NAB,"Senior Consultant, Solution Designer",01 Jun 2012
SILVIA,SANCHO HERNANDO,https://www.linkedin.com/in/silvia-sancho-hernando-53b3873a,,ESTEYCO,INGENIERA GEOTÉCNICA,30 May 2012
,,,,,,30 May 2012
Mandeep,Narayan,https://www.linkedin.com/in/mandeep-narayan-930ab720,,SRA Information Technology,Consultant,27 May 2012
Julio,Castro Lamas,https://www.linkedin.com/in/julio-castro-lamas-2341a84b,,Saranis Abogados,Socio,09 Apr 2012
Ben,Ashman,https://www.linkedin.com/in/ben-ashman-8aa6022,,Recruitment Hive,Chief Executive Officer,03 Apr 2012
Octavio,Pérez Marín,https://www.linkedin.com/in/octavio-p-3908554a,,Hospital Universitario de Fuenlabrada,Coordinador de desarrollo de proyectos,27 Mar 2012
Daniel,Acosta Rodríguez,https://www.linkedin.com/in/daniel-acosta-rodriguez,,Binter,Licensed Aircraft Engineer at SATI (Binter Group),23 Mar 2012
José Ramón,Jáudenes González-Adalid,https://www.linkedin.com/in/jrjaudenes,,JTI (Japan Tobacco International),Trade Marketeer,21 Mar 2012
Andrew,Viduka  PhD. FSA. M. ICOMOS,https://www.linkedin.com/in/andrew-viduka-phd-fsa-m-icomos-19587a32,,"Department of Climate Change, Energy, the Environment and Water",Assistant Director Underwater Cultural Heritage,18 Mar 2012
Belén,Díaz Romero,https://www.linkedin.com/in/belendiazro,,Banco Santander,Responsable de Reaseguro,14 Mar 2012
David,Bonilla Fuertes,https://www.linkedin.com/in/dbonillaf,,Pétalo,Cofundador,05 Mar 2012
Jorge,Sanz,https://www.linkedin.com/in/jorge-sanz-0451242,,ADNOC Group,Data & AI Senior Advisor,04 Mar 2012
Francisco,Del Amo Aguirre,https://www.linkedin.com/in/francisco-del-amo-aguirre-1543b449,,Vanture ESS,Team Manager SAP FI-CO en Vanture ESS,29 Feb 2012
Jose Luis,Vazquez-Poletti,https://www.linkedin.com/in/jlvazquezpoletti,,Universidad Complutense de Madrid,Head of the Open Source Software and Open Technologies Office,21 Feb 2012
Sara,de la Fuente Sanz,https://www.linkedin.com/in/sara-de-la-fuente-sanz-4515a946,,U.S. Department of State,Architect at US Department of State - Overseas Buildings Operations,24 Jan 2012
David,Chávez,https://www.linkedin.com/in/chavez-david,,AppDirect,Senior Software Engineering,21 Dec 2011
Javier,García Baño,https://www.linkedin.com/in/jgarciabano,,Grupo Avintia,Tecnico de mediciones. Oficina técnica,13 Dec 2011
Bryn,Honeyman,https://www.linkedin.com/in/bryn-honeyman-824b6b36,,Australian Government,Systems Development and Support Manager,01 Dec 2011
Sergio,Cervantes,https://www.linkedin.com/in/sergio-cervantes-1b7912,,Real Madrid C.F.,New Business & International. Transformation Office,27 Nov 2011
Mamen,González,https://www.linkedin.com/in/mamengonzalezlopez,,Celonis,Engineering Manager,17 Nov 2011
Lope,Seco González,https://www.linkedin.com/in/lope-seco-gonz%C3%A1lez-ba9a6515,,Sener,CEO Sener Canada & USA,16 Nov 2011
José Ángel,Calvarro Ordás,https://www.linkedin.com/in/jos%C3%A9-%C3%A1ngel-calvarro-ord%C3%A1s-9790a031,,Como 1907,First Team Physiotherapist Como FC,08 Nov 2011
Suhas,Pawar,https://www.linkedin.com/in/suhaspawar,,T1 Digital Consultants Limited | UK's Top Rated Global Talent Visa Endorsement Experts,Advisor,06 Nov 2011
Javier,Calvo Moya,https://www.linkedin.com/in/javier-calvo-moya-13291341,,Ministerio de Hacienda,Jefe de Área de Inspección Urbana,02 Nov 2011
Juan Manuel,Carretero Villanueva,https://www.linkedin.com/in/juan-manuel-carretero-villanueva-104b343a,,Siemens Gamesa,"Head of Programs / Products (G2, SG2X, SG3X, SG4X) ",13 Oct 2011
Antonio,Bernabeu,https://www.linkedin.com/in/abernabeu,,Mindcurv,ATG Architect,23 Sep 2011
Fco de Borja,Olivo de Miguel,https://www.linkedin.com/in/fco-de-borja-olivo-de-miguel-65b68311,,Bergé,Director de infraestructuras,22 Sep 2011
Luis Alberto,del Vigo Moraleda,https://www.linkedin.com/in/luis-alberto-del-vigo-moraleda-39323235,,Unternehmensgruppe UKA Umweltgerechte Kraftanlagen,Environmental Analyst,22 Sep 2011
Manuel,Recena Soto,https://www.linkedin.com/in/recena,,SUSE,Director of Engineering,17 Sep 2011
Nira,Ramírez Rodríguez,https://www.linkedin.com/in/sap-eaps-nrr,,Grupo Oesía,Consultor SAP EAPS y Coordinadora de Equipo,28 Aug 2011
Jim,Rowe,https://www.linkedin.com/in/jimrowe,,SRA Information Technology,Executive Manager Shared Services,11 Aug 2011
Ana,Diaz Church,https://www.linkedin.com/in/ana-diaz-church-66955238,,CatholicCare,School Counsellor,30 Jul 2011
Eduardo,Pedreño,https://www.linkedin.com/in/epedreno,,Prometeo Networks,"Independent Consultant, Mentor, Advisor",18 Jul 2011
Kane,Mar,https://www.linkedin.com/in/kanemar,,Agile Federation Pty Ltd,Founder,21 Jun 2011
Nuria,Vaz Crespo,https://www.linkedin.com/in/nuria-vaz-crespo-91404834,,BBVA,Manager,13 Jun 2011
,,,,,,20 May 2011
Sally,Greenaway,https://www.linkedin.com/in/sally-greenaway-1b951a5,,Canberra Grammar School,Music teacher,05 May 2011
Alejandro,Casasempere,https://www.linkedin.com/in/alejandrocasasempere,,Ahorro Sostenible,Founder & CEO,03 May 2011
Ana María,Castro Lamas,https://www.linkedin.com/in/ana-mar%C3%ADa-castro-lamas,,Kyndryl,Consult Partner,03 May 2011
Alf,Harper,https://www.linkedin.com/in/alf-harper-34799419,,SRA Information Technology,Senior Consultant,14 Apr 2011
Aaron,O'Neill,https://www.linkedin.com/in/aaron-o-neill-7b9b4130,,Australian Government Department of Health and Aged Care,Business Analyst,20 Mar 2011
Juan,Holgado Mazariegos,https://www.linkedin.com/in/juan-holgado-mazariegos-75815527,,ARQUINGENIO,CEO,16 Mar 2011
Marta,Frías Ruiz,https://www.linkedin.com/in/martafriasruiz,,Mediterránea,Responsable de proyectos IT,04 Mar 2011
Carlos,Salgado Mora,https://www.linkedin.com/in/carlos-salgado,,Delbion,CEO Founder,28 Feb 2011
Joaquin,Prian,https://www.linkedin.com/in/joaquin-prian-285745,,NetJuice Consulting,Partner,28 Feb 2011
Jose Ramon,Blanco Echeverria,https://www.linkedin.com/in/jose-ramon-blanco-echeverria-b0b74026,,Minsait,Gerente,22 Feb 2011
Guillermo,de la Fuente Sanz,https://www.linkedin.com/in/guillermo-de-la-fuente-sanz-664a8519,,Grupo Antolin,Ingeniero de producto,17 Feb 2011
Michael,Woodham,https://www.linkedin.com/in/michael-woodham-5b7703,,Spaceworks Design PTY LTD,Director (owner),16 Jan 2011
Enrique,Placed,https://www.linkedin.com/in/eplaced,,OpenText,Senior Account Executive,12 Dec 2010
,,,,,,07 Dec 2010
Peter,Greig,https://www.linkedin.com/in/peter-greig,,Drakes Supermarkets,IT Consultant,02 Dec 2010
José,Seoane,https://www.linkedin.com/in/jos%C3%A9-s-701b751b,,Profile Software Services,Diseñador UX/UI,29 Nov 2010
Ruth,de la Fuente,https://www.linkedin.com/in/ruthdelafuente,,Cytiva,Global Product Manager New Bioprocess Platforms,13 Nov 2010
Luis,Silva,https://www.linkedin.com/in/luis-silva-678a2826,,Radical Systems Pty Ltd,Lead Software Engineer,02 Nov 2010
Elías,Cabrera Caracuel,https://www.linkedin.com/in/eliascabreracaracuel,,Davante,Director de operaciones Andalucia Occidental,01 Nov 2010
Tania,Milovanovic,https://www.linkedin.com/in/tania-milovanovic,,ADF Careers,Specialist Recruitment Consultant | Legal Officers | Accountants,01 Nov 2010
Diego,Boado,https://www.linkedin.com/in/diegoboado,,Viatris,Digital Transformation Lead - Europe,29 Oct 2010
Prasanna,Illukkumbura,https://www.linkedin.com/in/prasanna-illukkumbura-0996778,,SRA Information Technology,Regional Manager - ACT/NSW,27 Oct 2010
Nick,Biziak,https://www.linkedin.com/in/nick-biziak-7995a79,,Synergy Group Australia,Executive Director - Recruitment and Contingent Workforce ,14 Oct 2010
Teresa,Benito Martín,https://www.linkedin.com/in/teresa-benito-mart%C3%ADn-b558255,,FCC,Responsable de proyectos TI,04 Oct 2010
Carolina,Morata Miguel,https://www.linkedin.com/in/carolina-morata-miguel-9149b015,,European Commission,Project manager and service manager,30 Sep 2010
Shane,Smith,https://www.linkedin.com/in/shane-smith-a5378a17,,Gold Medal Services,Director ,30 Sep 2010
Robbie,Faulks,https://www.linkedin.com/in/robbiefaulks,,"Department of Industry, Science, Energy and Resources",Microsoft Dynamics Consultant,30 Sep 2010
Jose Luis,Carretero Villanueva,https://www.linkedin.com/in/jose-luis-carretero-villanueva-a2b4876,,Airbus Defence and Space,"HO Quality Industrialization ""Make in India""",18 Aug 2010
Jerry,Johansson,https://www.linkedin.com/in/jerry-johansson-6614835,,SRA Information Technology,Technical Lead,13 Aug 2010
Kham,Xaysavanh,https://www.linkedin.com/in/kham-xaysavanh-4352568,,AGGRE8,CEO & Founder,09 Aug 2010
Esther,Rodriguez Ortega,https://www.linkedin.com/in/esther-rodriguez-ortega,,Schiller International University,Chief Operating Officer/Chief Information Officer,06 Aug 2010
Macarena,Ollero Rosety,https://www.linkedin.com/in/macarena-ollero-rosety-33b0169,,Sungrow Europe,Head of Legal & Contracts Southern Europe ,17 Jun 2010
Kevin,Wohling,https://www.linkedin.com/in/kevin-wohling-23612b1,,Self Employed,Semi-Retired Sales & Consulting ICT Professional,17 May 2010
Jorge O.,Driesner,https://www.linkedin.com/in/jdriesner,,Telefónica Innovación Digital,Portfolio Manager at Global Chief Data Office,14 May 2010
Karl,Bornefalk,https://www.linkedin.com/in/karlbornefalk,,Kabo Ventures,CEO,14 May 2010
Mario,García,https://www.linkedin.com/in/mario-garcia-software-developer,,Autónomo,Freelance Software Engineer,14 May 2010
Peter,McNeil,https://www.linkedin.com/in/peter-mcneil-79b14813,,Togetha Software Pty Ltd,"Co Founder, Director Software",08 May 2010
Leonardo,Rafaeli,https://www.linkedin.com/in/leonardo-rafaeli-2a1a628,,Microsoft,Senior Software Engineer - MSecR,09 Apr 2010
Che,DeDear,https://www.linkedin.com/in/chededear,,acQuire Technology Solutions,Commercial Manager—Environmental,04 Apr 2010
Juan Francisco,del Río Pacheco,https://www.linkedin.com/in/jfdelrio,,Paradigma Tecnológico,Front End Developer,08 Mar 2010
Raúl,Barroso,https://www.linkedin.com/in/raulbarroso,,Meroxa,Principal Software Engineer,08 Mar 2010
Steve,Rowe,https://www.linkedin.com/in/steve-rowe-a517652,,SRA Information Technology,Founder and CEO,27 Nov 2009
J.Manuel,García Rozas,https://www.linkedin.com/in/j-manuel-garc%C3%ADa-rozas-005b5517,,Paradigma Digital,Arquitecto de software - Developer,26 Nov 2009
Juan Manuel,Asensio,https://www.linkedin.com/in/juan-manuel-asensio-bb000a1,,EDNON,Senior Project Manager,17 Nov 2009
Marcos,Val,https://www.linkedin.com/in/marcosval,,CogniFit,Chief Business Officer,02 Nov 2009
Pelayo,Herrero Enguita,https://www.linkedin.com/in/pelayo-herrero-enguita-5837b211,,Classora Technologies S.L,Director Comercial,28 Oct 2009
Juan C,Garrido Suso,https://www.linkedin.com/in/jc-gs,,Universidad Nacional Autónoma de México,Consultor de estrategias de gamification Universidad Autónoma de México (UAM),27 Oct 2009
Jose Maria,Guitart,https://www.linkedin.com/in/jose-maria-guitart-606657b,,Deloitte,Socio,08 Sep 2009
Carmen,Almendros Palao,https://www.linkedin.com/in/mcalmendros,,Indra,Responsable de Proyecto,31 Aug 2009
Paul,Chapman,https://www.linkedin.com/in/paulchapman,,NuoDB - The Database to build your future on,Principal Consultant,14 Aug 2009
Suranga,Lekamarachchi,https://www.linkedin.com/in/suranga,,Pegasystems,Lead System Architect,05 Aug 2009
David,Bubner,https://www.linkedin.com/in/david-bubner-2975415,,NBI Pty Ltd,Director,21 Jun 2009
Martín,Pérez,https://www.linkedin.com/in/mpermar,,VMware,Senior Engineering Leader,31 May 2009
John Ferguson,Smart,https://www.linkedin.com/in/john-ferguson-smart,,Serenity Dojo,Founder of The Serenity Dojo Agile Test Automation Mentoring Programme,31 Mar 2009
Oscar,Méndez Soto,https://www.linkedin.com/in/oscarmendezsoto,,Generative AI Association,President,30 Mar 2009
David,Talamelli,https://www.linkedin.com/in/davidtalamelli,,Momentum Energy,Talent Acquisition Business Partner,26 Mar 2009
Leon,Kotovich,https://www.linkedin.com/in/leonkotovich,,TerraManta,Chief Executive Officer,12 Feb 2009
Stephan,B,https://www.linkedin.com/in/stephanbarrie,,"Hexagon Safety, Infrastructure & Geospatial",Systems Administrator,16 Dec 2008
Andres,Delicado,https://www.linkedin.com/in/andres-d-1b275b1,,BBVA,Manager,01 Dec 2008
Rowan,Beckworth,https://www.linkedin.com/in/rowan-beckworth-1b88615,,NRI Australia & New Zealand,Consultant,01 Dec 2008
Esther,Nogales Borreguero,https://www.linkedin.com/in/esthern1,,Paradigma Digital,People Operations Manager,21 Nov 2008
Fernando,Jiménez San Segundo,https://www.linkedin.com/in/fernando-jim%C3%A9nez-san-segundo-580234b,,Paradigma Tecnológico,Director Financiero,22 Oct 2008
Mamen,Franco,https://www.linkedin.com/in/mamenfranco,,Coaching y Formación,"Coach ejecutiva, de equipos y de vida",13 Oct 2008
Jesús,Carretero Villanueva,https://www.linkedin.com/in/jesuscarretero1,,Valoriza,Responsable de Área de Estudios de Servicios Urbanos,08 Oct 2008
Enrique,Blanco Sanz,https://www.linkedin.com/in/eblanco,,Intnovaction,Socio fundador,08 Oct 2008
Adam,Seabrook,https://www.linkedin.com/in/adamseabrook,,Betterteam,CEO,08 Oct 2008
Ignacio,Coloma,https://www.linkedin.com/in/icoloma,,Google,Customer Engineer for Google Cloud Platform,24 Sep 2008
Juan,Palacio Bañeres,https://www.linkedin.com/in/juanpalaciobaneres,,Safe Creative,Fundador,21 Sep 2008
Beatriz,Rosety Blanco,https://www.linkedin.com/in/beatriz-rosety-blanco-4986539,,Universidad Pontificia Comillas ICAI-ICADE,Estudiante de máster,18 Aug 2008
David,Martos Tornay,https://www.linkedin.com/in/davidmartostornay,martitus22@gmail.com,Securitas Seguridad España,Responsable Regional de Ventas en Cataluña de Seguridad Electrónica,31 Jul 2008
Martyn ,Beal,https://www.linkedin.com/in/martyn-beal-7218371,,Trend Micro AMEA,Federal Government Strategic Lead,28 Jul 2008
Sarina,Madden,https://www.linkedin.com/in/sarinamadden,,Services Australia,Senior System Analyst / Scrum Master,27 Jul 2008
Manuel,Gabaldon Martinez,https://www.linkedin.com/in/manugabaldon,,S21sec,Head of Strategy,19 May 2008
Ignacio ,Cabrera García,https://www.linkedin.com/in/nachocabreragarcia,,airflows,Co-Founder,27 Mar 2008
David,Oliván Ubieto,https://www.linkedin.com/in/david-olivan,,Fondo de Garantía de Depósitos España,Applications & Data Manager,27 Mar 2008
Carmen,Vidal Gil,https://www.linkedin.com/in/carmen-vidal-gil-bb682b7,,PROEDUCA,Responsable de DATA&AI predictiva,27 Mar 2008
David,"Rey, Ph.D.",https://www.linkedin.com/in/davidreyblanco,,idealista,Chief Data Officer,27 Mar 2008
Federico,Caro del Moral,https://www.linkedin.com/in/federicojcdm,,Grupo Ruiz,Chief Information Officer,25 Mar 2008
Emilio Jose,Mena Cebrian,https://www.linkedin.com/in/emiliomena,,Paradigma Digital,Lead Software Architect,18 Mar 2008
Alberto,Martín Orois,https://www.linkedin.com/in/alberto-mart%C3%ADn-orois-0265817,,European Commission,Senior analyst programmer,09 Mar 2008
Manuel A.,Lazo,https://www.linkedin.com/in/mlazo77,manuel.antonio.lazo@gmail.com,DHC PERÚ,IT Consultant,01 Mar 2008
Rafael,"Barroso Aspe, MBA, PMP",https://www.linkedin.com/in/rafael-barroso-aspe-mba-pmp-9a15091,,Ville de Montréal,Chef de division Plateformes et automatisation ,05 Dec 2007
Nicolas,Nombela,https://www.linkedin.com/in/nnombela,,Ring.io,Senior Software Engineer,16 Oct 2007
Ernesto,Funes,https://www.linkedin.com/in/ernestofunes,,StratioBD,Co-Founder,16 Oct 2007
Rocío,Bernal,https://www.linkedin.com/in/rociobernal,,Makesoft Technologies,Service Manager,16 Oct 2007
Enrique,Domínguez Miguel,https://www.linkedin.com/in/enriqued,,Gaia Rooms,CEO and Co-Founder at GaiaRooms,16 Oct 2007