Name,Number
"ELICOS (English Language Intensive for Overseas Students) at Australian National University (ANU), Canberra (Australia)",
"ScrumMaster training course by Scrumology Pty Ltd, Sydney (Australia)",
"ARIA & HTML5 workshop by the Web Industry Professional Association, Canberra (Australia)",
"Testing and TDD for Java developers by John Ferguson Smart, Sydney (Australia)",
"Spring Core by SpringSource, Canberra (Australia)",
"Advanced XML course by Coritel, Madrid (Spain)",
"Advanced Java Web applications by Coritel, Madrid (Spain)",
"Team work by Coritel, Madrid (Spain)",
M101J: MongoDB for Java Developers by 10gen,http://education.10gen.co
M102: MongoDB for DBAs,http://education.mongodb.
Core Elasticsearch,
