Endorsement Date,Skill Name,Endorsee First Name,Endorsee Last Name,Endorsee Public Url,Endorsement Status
2021/06/08 12:01:27 UTC,JavaScript,Ander,Rodriguez Varela,www.linkedin.com/in/anderrodriguez,ACCEPTED
2016/12/22 09:17:08 UTC,Java,Federico,Caro del Moral,www.linkedin.com/in/federicojcdm,ACCEPTED
2016/12/22 09:17:04 UTC,Software Development,Rocío,Bernal,www.linkedin.com/in/rociobernal,ACCEPTED
2016/12/22 09:17:02 UTC,Web Development,Rocío,Bernal,www.linkedin.com/in/rociobernal,ACCEPTED
2016/12/22 09:17:01 UTC,JavaScript,Pablo,Rozas Larraondo,www.linkedin.com/in/pablo-rozas-larraondo-a2182686,ACCEPTED
2016/12/22 09:17:00 UTC,Java,Pablo,Rozas Larraondo,www.linkedin.com/in/pablo-rozas-larraondo-a2182686,ACCEPTED
2016/12/22 09:16:57 UTC,JavaScript,Martin,Bohun,www.linkedin.com/in/martinbohun,ACCEPTED
2016/12/22 09:16:54 UTC,Java,Martin,Bohun,www.linkedin.com/in/martinbohun,ACCEPTED
2016/12/22 09:16:51 UTC,Scrum,Gorka,"Puente, Ph.D.",www.linkedin.com/in/gorkapuente,ACCEPTED
2016/12/22 09:16:44 UTC,JavaScript,Rocío,Bernal,www.linkedin.com/in/rociobernal,ACCEPTED
2016/12/22 09:16:43 UTC,Maven,Peter,McNeil,www.linkedin.com/in/peter-mcneil-79b14813,ACCEPTED
2016/12/22 09:16:42 UTC,Java,Gorka,"Puente, Ph.D.",www.linkedin.com/in/gorkapuente,ACCEPTED
2016/12/22 09:16:38 UTC,Agile Methodologies,Gorka,"Puente, Ph.D.",www.linkedin.com/in/gorkapuente,ACCEPTED
2016/12/22 09:16:33 UTC,IT Strategy,Michael,Phillips,www.linkedin.com/in/michael-phillips-b797ba56,ACCEPTED
2016/12/22 09:16:33 UTC,Managed Services,Michael,Phillips,www.linkedin.com/in/michael-phillips-b797ba56,ACCEPTED
2016/12/22 09:16:33 UTC,Outsourcing,Michael,Phillips,www.linkedin.com/in/michael-phillips-b797ba56,ACCEPTED
2016/12/22 09:16:33 UTC,Stakeholder Management,Michael,Phillips,www.linkedin.com/in/michael-phillips-b797ba56,ACCEPTED
2015/12/10 00:06:47 UTC,Java,Ignacio,Coloma,www.linkedin.com/in/icoloma,ACCEPTED
2015/12/10 00:06:45 UTC,Solution Architecture,Tracey,Voss,www.linkedin.com/in/traceyvoss,ACCEPTED
2015/12/10 00:06:43 UTC,Java Enterprise Edition,Carlos,Salgado Mora,www.linkedin.com/in/carlos-salgado,ACCEPTED
2015/12/10 00:06:40 UTC,Scrum,Emilio Jose,Mena Cebrian,www.linkedin.com/in/emiliomena,ACCEPTED
2015/10/27 08:37:36 UTC,Java,Iván,López,www.linkedin.com/in/ivanlopezmartin,ACCEPTED
2015/10/27 08:37:32 UTC,Grails,Iván,López,www.linkedin.com/in/ivanlopezmartin,ACCEPTED
2015/10/27 08:37:32 UTC,Groovy,Iván,López,www.linkedin.com/in/ivanlopezmartin,ACCEPTED
2015/09/06 08:34:10 UTC,Business Analysis,David,Méndez Esteban,www.linkedin.com/in/david-méndez-esteban-b36820,ACCEPTED
2014/11/01 06:35:17 UTC,Java,Emilio Jose,Mena Cebrian,www.linkedin.com/in/emiliomena,ACCEPTED
2014/10/10 09:27:39 UTC,Management,Michael,Phillips,www.linkedin.com/in/michael-phillips-b797ba56,ACCEPTED
2014/10/10 09:27:31 UTC,Sales,Michael,Phillips,www.linkedin.com/in/michael-phillips-b797ba56,ACCEPTED
2014/10/10 09:27:29 UTC,Solution Selling,Michael,Phillips,www.linkedin.com/in/michael-phillips-b797ba56,ACCEPTED
2014/06/24 10:31:25 UTC,Microsoft SQL Server,Rocío,Bernal,www.linkedin.com/in/rociobernal,ACCEPTED
2014/06/24 10:31:22 UTC,XML,Rocío,Bernal,www.linkedin.com/in/rociobernal,ACCEPTED
2014/06/24 10:31:15 UTC,Scrum,John Ferguson,Smart,www.linkedin.com/in/john-ferguson-smart,ACCEPTED
2014/06/24 10:31:12 UTC,C++,Peter,McNeil,www.linkedin.com/in/peter-mcneil-79b14813,ACCEPTED
2014/06/24 10:31:08 UTC,Open Source,Gavin,Jackson,www.linkedin.com/in/gavin6252,ACCEPTED
2014/05/27 04:55:01 UTC,Scrum,Juan,Palacio Bañeres,www.linkedin.com/in/juanpalaciobaneres,ACCEPTED
2014/05/27 04:54:59 UTC,BDD,John Ferguson,Smart,www.linkedin.com/in/john-ferguson-smart,ACCEPTED
2014/03/28 01:18:48 UTC,XML,Carlos,Salgado Mora,www.linkedin.com/in/carlos-salgado,ACCEPTED
2014/03/28 01:18:43 UTC,Oracle RAC,Tracey,Voss,www.linkedin.com/in/traceyvoss,ACCEPTED
2014/03/28 01:18:40 UTC,SDLC,John Ferguson,Smart,www.linkedin.com/in/john-ferguson-smart,ACCEPTED
2014/01/15 22:35:20 UTC,Grails,Mamen,González,www.linkedin.com/in/mamengonzalezlopez,ACCEPTED
2014/01/15 22:35:20 UTC,Hibernate,Mamen,González,www.linkedin.com/in/mamengonzalezlopez,ACCEPTED
2014/01/15 22:35:20 UTC,Maven,Mamen,González,www.linkedin.com/in/mamengonzalezlopez,ACCEPTED
2014/01/15 22:35:20 UTC,Spring,Mamen,González,www.linkedin.com/in/mamengonzalezlopez,ACCEPTED
2014/01/15 22:35:20 UTC,Struts,Mamen,González,www.linkedin.com/in/mamengonzalezlopez,ACCEPTED
2013/12/28 00:25:00 UTC,Grails,Nicolas,Nombela,www.linkedin.com/in/nnombela,ACCEPTED
2013/12/28 00:25:00 UTC,Groovy,Nicolas,Nombela,www.linkedin.com/in/nnombela,ACCEPTED
2013/12/28 00:25:00 UTC,Hibernate,Nicolas,Nombela,www.linkedin.com/in/nnombela,ACCEPTED
2013/12/28 00:25:00 UTC,Java,Nicolas,Nombela,www.linkedin.com/in/nnombela,ACCEPTED
2013/12/28 00:25:00 UTC,Maven,Nicolas,Nombela,www.linkedin.com/in/nnombela,ACCEPTED
2013/11/06 12:48:02 UTC,High Availability,Manuel,Recena Soto,www.linkedin.com/in/recena,ACCEPTED
2013/11/06 12:48:02 UTC,Integration,Manuel,Recena Soto,www.linkedin.com/in/recena,ACCEPTED
2013/11/06 12:48:02 UTC,Open Source,Manuel,Recena Soto,www.linkedin.com/in/recena,ACCEPTED
2013/11/06 12:48:02 UTC,SOA,Manuel,Recena Soto,www.linkedin.com/in/recena,ACCEPTED
2013/11/06 12:48:02 UTC,Software Engineering,Manuel,Recena Soto,www.linkedin.com/in/recena,ACCEPTED
2013/10/22 11:42:42 UTC,Web Applications,Faraz,Mahmood,www.linkedin.com/in/faraz-mahmood-b6aa7762,ACCEPTED
2013/10/22 11:42:38 UTC,Jenkins,John Ferguson,Smart,www.linkedin.com/in/john-ferguson-smart,ACCEPTED
2013/10/22 11:42:31 UTC,Java,John Ferguson,Smart,www.linkedin.com/in/john-ferguson-smart,ACCEPTED
2013/10/09 22:04:57 UTC,Java,Gavin,Jackson,www.linkedin.com/in/gavin6252,ACCEPTED
2013/10/09 22:04:57 UTC,JavaScript,Gavin,Jackson,www.linkedin.com/in/gavin6252,ACCEPTED
2013/10/09 22:04:57 UTC,Linux,Gavin,Jackson,www.linkedin.com/in/gavin6252,ACCEPTED
2013/10/09 22:04:57 UTC,PostgreSQL,Gavin,Jackson,www.linkedin.com/in/gavin6252,ACCEPTED
2013/10/09 22:04:57 UTC,Software Development,Gavin,Jackson,www.linkedin.com/in/gavin6252,ACCEPTED
2013/10/04 08:26:48 UTC,Microsoft SQL Server,Peter,McNeil,www.linkedin.com/in/peter-mcneil-79b14813,ACCEPTED
2013/10/04 08:26:40 UTC,Visual Studio,Rocío,Bernal,www.linkedin.com/in/rociobernal,ACCEPTED
2013/10/04 08:26:31 UTC,Tomcat,John Ferguson,Smart,www.linkedin.com/in/john-ferguson-smart,ACCEPTED
2013/10/04 08:26:27 UTC,Java,Faraz,Mahmood,www.linkedin.com/in/faraz-mahmood-b6aa7762,ACCEPTED
2013/10/04 08:26:21 UTC,Git,John Ferguson,Smart,www.linkedin.com/in/john-ferguson-smart,ACCEPTED
2013/10/04 08:26:20 UTC,Test Automation,John Ferguson,Smart,www.linkedin.com/in/john-ferguson-smart,ACCEPTED
2013/09/29 10:30:18 UTC,Tomcat,Peter,McNeil,www.linkedin.com/in/peter-mcneil-79b14813,ACCEPTED
2013/09/16 06:41:46 UTC,Hibernate,Emilio Jose,Mena Cebrian,www.linkedin.com/in/emiliomena,ACCEPTED
2013/09/16 06:41:43 UTC,SOA,John Ferguson,Smart,www.linkedin.com/in/john-ferguson-smart,ACCEPTED
2013/09/16 06:41:38 UTC,ASP.NET,Rocío,Bernal,www.linkedin.com/in/rociobernal,ACCEPTED
2013/08/02 01:16:13 UTC,Requirements Gathering,Peter,Black,www.linkedin.com/in/peter-black-91033827,ACCEPTED
2013/08/02 01:16:08 UTC,Shell Scripting,Peter,McNeil,www.linkedin.com/in/peter-mcneil-79b14813,ACCEPTED
2013/08/02 01:16:05 UTC,Ant,John Ferguson,Smart,www.linkedin.com/in/john-ferguson-smart,ACCEPTED
2013/08/02 01:16:04 UTC,Struts,Alberto,Martín Orois,www.linkedin.com/in/alberto-martín-orois-0265817,PENDING
2013/08/02 01:16:03 UTC,Electronics,Peter,McNeil,www.linkedin.com/in/peter-mcneil-79b14813,ACCEPTED
2013/07/26 23:37:31 UTC,Web Applications,Ignacio,Coloma,www.linkedin.com/in/icoloma,ACCEPTED
2013/07/26 23:37:21 UTC,IT Strategy,Enrique,Blanco Sanz,www.linkedin.com/in/eblanco,ACCEPTED
2013/07/26 23:37:21 UTC,E-commerce,Enrique,Blanco Sanz,www.linkedin.com/in/eblanco,ACCEPTED
2013/07/26 23:37:21 UTC,Software Engineering,Enrique,Blanco Sanz,www.linkedin.com/in/eblanco,ACCEPTED
2013/07/26 23:37:21 UTC,C#,Enrique,Blanco Sanz,www.linkedin.com/in/eblanco,ACCEPTED
2013/07/26 23:37:21 UTC,Agile Project Management,Enrique,Blanco Sanz,www.linkedin.com/in/eblanco,ACCEPTED
2013/07/17 12:42:08 UTC,SQL,Tracey,Voss,www.linkedin.com/in/traceyvoss,ACCEPTED
2013/07/17 12:42:08 UTC,ITIL,Tracey,Voss,www.linkedin.com/in/traceyvoss,ACCEPTED
2013/07/17 12:42:08 UTC,Oracle Applications,Tracey,Voss,www.linkedin.com/in/traceyvoss,ACCEPTED
2013/07/17 12:42:08 UTC,Unix,Tracey,Voss,www.linkedin.com/in/traceyvoss,ACCEPTED
2013/07/17 12:42:08 UTC,Oracle,Tracey,Voss,www.linkedin.com/in/traceyvoss,ACCEPTED
2013/07/09 03:47:47 UTC,Continuous Integration,John Ferguson,Smart,www.linkedin.com/in/john-ferguson-smart,ACCEPTED
2013/07/09 03:47:45 UTC,Open Source,John Ferguson,Smart,www.linkedin.com/in/john-ferguson-smart,ACCEPTED
2013/07/09 03:47:40 UTC,Web Applications,Rocío,Bernal,www.linkedin.com/in/rociobernal,ACCEPTED
2013/06/29 00:38:24 UTC,SDLC,Rocío,Bernal,www.linkedin.com/in/rociobernal,ACCEPTED
2013/06/29 00:38:20 UTC,Agile Methodologies,John Ferguson,Smart,www.linkedin.com/in/john-ferguson-smart,ACCEPTED
2013/06/29 00:38:07 UTC,Spring,Achana Dhanushka,Weerathunga,www.linkedin.com/in/achana-dhanushka-weerathunga-899a6a22,ACCEPTED
2013/06/29 00:37:54 UTC,PostgreSQL,Peter,McNeil,www.linkedin.com/in/peter-mcneil-79b14813,ACCEPTED
2013/05/23 06:26:34 UTC,Spring,Nicolas,Nombela,www.linkedin.com/in/nnombela,ACCEPTED
2013/05/23 06:26:27 UTC,Grails,Peter,McNeil,www.linkedin.com/in/peter-mcneil-79b14813,ACCEPTED
2013/05/23 06:26:22 UTC,Scrum,Peter,McNeil,www.linkedin.com/in/peter-mcneil-79b14813,ACCEPTED
2013/05/23 06:26:21 UTC,Test Driven Development,John Ferguson,Smart,www.linkedin.com/in/john-ferguson-smart,ACCEPTED
2013/05/23 06:26:19 UTC,Agile Methodologies,Peter,McNeil,www.linkedin.com/in/peter-mcneil-79b14813,ACCEPTED
2013/05/23 06:26:13 UTC,Tomcat,Alberto,Martín Orois,www.linkedin.com/in/alberto-martín-orois-0265817,ACCEPTED
2013/03/19 22:41:46 UTC,Struts,Emilio Jose,Mena Cebrian,www.linkedin.com/in/emiliomena,ACCEPTED
2013/03/19 22:41:41 UTC,Scrum,Rocío,Bernal,www.linkedin.com/in/rociobernal,ACCEPTED
2013/03/19 22:41:34 UTC,MySQL,Peter,McNeil,www.linkedin.com/in/peter-mcneil-79b14813,ACCEPTED
2013/03/19 22:41:27 UTC,Groovy,John Ferguson,Smart,www.linkedin.com/in/john-ferguson-smart,ACCEPTED
2013/03/19 22:41:23 UTC,Software Development,Peter,McNeil,www.linkedin.com/in/peter-mcneil-79b14813,ACCEPTED
2013/03/19 22:41:16 UTC,Agile Project Management,Kane,Mar,www.linkedin.com/in/kanemar,ACCEPTED
2013/03/19 22:41:09 UTC,Unix,Peter,McNeil,www.linkedin.com/in/peter-mcneil-79b14813,ACCEPTED
2013/03/19 22:41:05 UTC,jQuery,Peter,McNeil,www.linkedin.com/in/peter-mcneil-79b14813,ACCEPTED
2013/03/19 22:41:04 UTC,Java Enterprise Edition,Peter,McNeil,www.linkedin.com/in/peter-mcneil-79b14813,ACCEPTED
2013/03/19 22:41:02 UTC,Hibernate,Peter,McNeil,www.linkedin.com/in/peter-mcneil-79b14813,ACCEPTED
2013/03/19 22:40:55 UTC,Archaeology,Andrew,Viduka  PhD. FSA. M. ICOMOS,www.linkedin.com/in/andrew-viduka-phd-fsa-m-icomos-19587a32,ACCEPTED
2013/03/19 22:40:55 UTC,Policy,Andrew,Viduka  PhD. FSA. M. ICOMOS,www.linkedin.com/in/andrew-viduka-phd-fsa-m-icomos-19587a32,ACCEPTED
2013/03/19 22:40:55 UTC,Stakeholder Engagement,Andrew,Viduka  PhD. FSA. M. ICOMOS,www.linkedin.com/in/andrew-viduka-phd-fsa-m-icomos-19587a32,ACCEPTED
2013/03/19 22:40:55 UTC,Conservation Issues,Andrew,Viduka  PhD. FSA. M. ICOMOS,www.linkedin.com/in/andrew-viduka-phd-fsa-m-icomos-19587a32,ACCEPTED
2013/03/19 22:40:55 UTC,Cultural Heritage,Andrew,Viduka  PhD. FSA. M. ICOMOS,www.linkedin.com/in/andrew-viduka-phd-fsa-m-icomos-19587a32,ACCEPTED
2013/02/11 22:38:28 UTC,CSS,Rocío,Bernal,www.linkedin.com/in/rociobernal,ACCEPTED
2013/02/11 22:38:23 UTC,SQL,Peter,McNeil,www.linkedin.com/in/peter-mcneil-79b14813,ACCEPTED
2013/02/11 22:38:23 UTC,Groovy,Peter,McNeil,www.linkedin.com/in/peter-mcneil-79b14813,ACCEPTED
2013/02/11 22:38:23 UTC,Linux,Peter,McNeil,www.linkedin.com/in/peter-mcneil-79b14813,ACCEPTED
2013/02/11 22:38:23 UTC,JavaScript,Peter,McNeil,www.linkedin.com/in/peter-mcneil-79b14813,ACCEPTED
2013/02/11 22:38:23 UTC,Spring,Peter,McNeil,www.linkedin.com/in/peter-mcneil-79b14813,ACCEPTED
2013/01/22 00:04:12 UTC,Spring,Paul,Chapman,www.linkedin.com/in/paulchapman,ACCEPTED
2013/01/22 00:04:07 UTC,Web 2.0,Ernesto,Funes,www.linkedin.com/in/ernestofunes,ACCEPTED
2012/11/28 11:43:13 UTC,Java Enterprise Edition,Emilio Jose,Mena Cebrian,www.linkedin.com/in/emiliomena,ACCEPTED
2012/11/28 11:43:13 UTC,E-commerce,Ernesto,Funes,www.linkedin.com/in/ernestofunes,ACCEPTED
2012/11/28 11:43:13 UTC,Java Enterprise Edition,Alberto,Martín Orois,www.linkedin.com/in/alberto-martín-orois-0265817,ACCEPTED
2012/11/28 11:43:13 UTC,Solution Selling,Martyn ,Beal,www.linkedin.com/in/martyn-beal-7218371,ACCEPTED
2012/11/28 11:42:32 UTC,.NET,Rocío,Bernal,www.linkedin.com/in/rociobernal,ACCEPTED
2012/10/15 21:56:31 UTC,Spring,Ignacio,Coloma,www.linkedin.com/in/icoloma,ACCEPTED
2012/10/15 21:47:11 UTC,jQuery,Nicolas,Nombela,www.linkedin.com/in/nnombela,ACCEPTED
2012/10/15 21:46:55 UTC,Spring,Emilio Jose,Mena Cebrian,www.linkedin.com/in/emiliomena,ACCEPTED
2012/10/15 21:46:48 UTC,Project Management,Rafael,"Barroso Aspe, MBA, PMP",www.linkedin.com/in/rafael-barroso-aspe-mba-pmp-9a15091,ACCEPTED
2012/10/15 21:46:39 UTC,Java Enterprise Edition,Federico,Caro del Moral,www.linkedin.com/in/federicojcdm,ACCEPTED
2012/10/15 21:46:36 UTC,Web 2.0,Enrique,Domínguez Miguel,www.linkedin.com/in/enriqued,ACCEPTED
2012/10/15 21:46:26 UTC,Spring,Alberto,Martín Orois,www.linkedin.com/in/alberto-martín-orois-0265817,ACCEPTED
2012/10/15 21:46:24 UTC,Scrum,Enrique,Blanco Sanz,www.linkedin.com/in/eblanco,ACCEPTED
2012/10/15 21:46:19 UTC,Microsoft CRM,Rocío,Bernal,www.linkedin.com/in/rociobernal,ACCEPTED
2012/09/03 16:47:23 UTC,Scrum,Kane,Mar,www.linkedin.com/in/kanemar,ACCEPTED
2012/09/03 16:46:38 UTC,Business Intelligence,Jorge,Sanz,www.linkedin.com/in/jorge-sanz-0451242,ACCEPTED
2012/09/03 16:46:34 UTC,Maven,John Ferguson,Smart,www.linkedin.com/in/john-ferguson-smart,ACCEPTED
2012/09/03 16:46:17 UTC,Java,Peter,McNeil,www.linkedin.com/in/peter-mcneil-79b14813,ACCEPTED
2012/09/03 16:45:11 UTC,jQuery,Rocío,Bernal,www.linkedin.com/in/rociobernal,ACCEPTED
