Endorsement Date,Skill Name,Endorser First Name,Endorser Last Name,Endorser Public Url,Endorsement Status
2019/10/06 19:57:43 UTC,Scrum,Asier,Gomez Barrenetxea,www.linkedin.com/in/asiergomez,ACCEPTED
2019/03/02 09:16:52 UTC,Agile Methodologies,Naiara,Martín del Olmo,www.linkedin.com/in/naiaramartin,ACCEPTED
2019/03/02 09:16:41 UTC,Java Enterprise Edition,Naiara,Martín del Olmo,www.linkedin.com/in/naiaramartin,ACCEPTED
2016/06/22 03:22:11 UTC,Spring Framework,Matt,Andrews,www.linkedin.com/in/mynameismattandrews,ACCEPTED
2016/06/22 03:21:10 UTC,Agile Methodologies,Matt,Andrews,www.linkedin.com/in/mynameismattandrews,ACCEPTED
2016/06/14 15:39:12 UTC,Agile Methodologies,Martin,Bohun,www.linkedin.com/in/martinbohun,ACCEPTED
2016/06/14 15:39:12 UTC,Databases,Martin,Bohun,www.linkedin.com/in/martinbohun,ACCEPTED
2016/06/14 15:39:12 UTC,jQuery,Martin,Bohun,www.linkedin.com/in/martinbohun,ACCEPTED
2016/06/14 15:39:12 UTC,Linux,Martin,Bohun,www.linkedin.com/in/martinbohun,ACCEPTED
2016/06/14 15:39:12 UTC,Web Services,Martin,Bohun,www.linkedin.com/in/martinbohun,ACCEPTED
2016/05/04 09:21:25 UTC,Web Services,Octavio,Pérez Marín,www.linkedin.com/in/octavio-p-3908554a,ACCEPTED
2016/05/04 09:19:55 UTC,Agile Methodologies,Octavio,Pérez Marín,www.linkedin.com/in/octavio-p-3908554a,ACCEPTED
2016/05/04 09:19:06 UTC,Software Development,Octavio,Pérez Marín,www.linkedin.com/in/octavio-p-3908554a,ACCEPTED
2016/04/23 12:19:22 UTC,Web Services,Achana Dhanushka,Weerathunga,www.linkedin.com/in/achana-dhanushka-weerathunga-899a6a22,ACCEPTED
2016/03/09 04:02:25 UTC,Databases,Miles,Goodhew,www.linkedin.com/in/m0les,ACCEPTED
2016/03/09 04:02:25 UTC,Java,Miles,Goodhew,www.linkedin.com/in/m0les,ACCEPTED
2016/03/09 04:02:25 UTC,Linux,Miles,Goodhew,www.linkedin.com/in/m0les,ACCEPTED
2016/03/09 04:02:25 UTC,Software Development,Miles,Goodhew,www.linkedin.com/in/m0les,ACCEPTED
2016/03/09 04:02:25 UTC,Software Engineering,Miles,Goodhew,www.linkedin.com/in/m0les,ACCEPTED
2016/01/18 14:40:48 UTC,Hibernate,Martin,Bohun,www.linkedin.com/in/martinbohun,ACCEPTED
2016/01/18 14:40:48 UTC,Java,Martin,Bohun,www.linkedin.com/in/martinbohun,ACCEPTED
2016/01/18 14:40:48 UTC,JavaScript,Martin,Bohun,www.linkedin.com/in/martinbohun,ACCEPTED
2016/01/18 14:40:48 UTC,Maven,Martin,Bohun,www.linkedin.com/in/martinbohun,ACCEPTED
2016/01/18 14:40:48 UTC,Spring Framework,Martin,Bohun,www.linkedin.com/in/martinbohun,ACCEPTED
2015/11/11 23:27:02 UTC,PostgreSQL,Joseph,Webber,www.linkedin.com/in/joseph-webber-b563627b,ACCEPTED
2015/10/12 23:40:01 UTC,Software Development,Aranzazu,Cabello Leblic,www.linkedin.com/in/aranzazu-cabello-leblic-694a0367,ACCEPTED
2015/09/16 04:05:23 UTC,Java Enterprise Edition,Martin,Bohun,www.linkedin.com/in/martinbohun,ACCEPTED
2015/09/16 04:03:59 UTC,Software Development,Martin,Bohun,www.linkedin.com/in/martinbohun,ACCEPTED
2015/09/11 13:52:43 UTC,JavaScript,Joseph,Webber,www.linkedin.com/in/joseph-webber-b563627b,ACCEPTED
2015/09/11 13:51:39 UTC,REST,Joseph,Webber,www.linkedin.com/in/joseph-webber-b563627b,ACCEPTED
2015/09/11 13:51:10 UTC,Web Applications,Joseph,Webber,www.linkedin.com/in/joseph-webber-b563627b,ACCEPTED
2015/08/26 23:19:02 UTC,Software Development,Hugo,Alonso Cantabrana,www.linkedin.com/in/hugo-alonso-cantabrana-10750728,ACCEPTED
2015/08/13 13:08:01 UTC,Web Services,Joseph,Webber,www.linkedin.com/in/joseph-webber-b563627b,ACCEPTED
2015/08/13 13:01:36 UTC,Software Development,Joseph,Webber,www.linkedin.com/in/joseph-webber-b563627b,ACCEPTED
2015/05/13 12:40:58 UTC,JavaScript,Martyn ,Beal,www.linkedin.com/in/martyn-beal-7218371,ACCEPTED
2015/05/13 12:39:56 UTC,Web Services,Martyn ,Beal,www.linkedin.com/in/martyn-beal-7218371,ACCEPTED
2015/02/18 04:44:36 UTC,Java Enterprise Edition,Matt,Andrews,www.linkedin.com/in/mynameismattandrews,ACCEPTED
2015/01/30 21:23:08 UTC,Agile Methodologies,Pablo,Rozas Larraondo,www.linkedin.com/in/pablo-rozas-larraondo-a2182686,ACCEPTED
2015/01/28 16:32:55 UTC,Spring Framework,Manuel A.,Lazo,www.linkedin.com/in/mlazo77,ACCEPTED
2014/11/13 09:45:39 UTC,Databases,Joseph,Webber,www.linkedin.com/in/joseph-webber-b563627b,ACCEPTED
2014/10/30 21:37:44 UTC,Spring Framework,Stephen,Davies,www.linkedin.com/in/stephen-davies-92b959,ACCEPTED
2014/10/06 16:51:03 UTC,Java EE,Octavio,Pérez Marín,www.linkedin.com/in/octavio-p-3908554a,ACCEPTED
2014/09/25 14:09:27 UTC,Software Development,Martyn ,Beal,www.linkedin.com/in/martyn-beal-7218371,ACCEPTED
2014/09/25 14:08:18 UTC,Web Development,Martyn ,Beal,www.linkedin.com/in/martyn-beal-7218371,ACCEPTED
2014/09/25 14:06:25 UTC,Java,Martyn ,Beal,www.linkedin.com/in/martyn-beal-7218371,ACCEPTED
2014/09/08 01:57:20 UTC,Java,Joseph,Webber,www.linkedin.com/in/joseph-webber-b563627b,ACCEPTED
2014/09/08 01:56:49 UTC,Maven,Joseph,Webber,www.linkedin.com/in/joseph-webber-b563627b,ACCEPTED
2014/07/29 00:08:45 UTC,Groovy,Pablo,Rozas Larraondo,www.linkedin.com/in/pablo-rozas-larraondo-a2182686,ACCEPTED
2014/07/17 11:16:40 UTC,Continuous Integration,Joseph,Webber,www.linkedin.com/in/joseph-webber-b563627b,ACCEPTED
2014/07/01 00:19:30 UTC,Java Enterprise Edition,Emilio Jose,Mena Cebrian,www.linkedin.com/in/emiliomena,ACCEPTED
2014/07/01 00:18:17 UTC,Hibernate,Emilio Jose,Mena Cebrian,www.linkedin.com/in/emiliomena,ACCEPTED
2014/07/01 00:18:05 UTC,Spring,Emilio Jose,Mena Cebrian,www.linkedin.com/in/emiliomena,ACCEPTED
2014/06/02 11:11:52 UTC,SDLC,Martyn ,Beal,www.linkedin.com/in/martyn-beal-7218371,ACCEPTED
2014/06/02 11:08:52 UTC,Grails,Martyn ,Beal,www.linkedin.com/in/martyn-beal-7218371,ACCEPTED
2014/06/02 11:08:12 UTC,Struts,Martyn ,Beal,www.linkedin.com/in/martyn-beal-7218371,ACCEPTED
2014/05/14 14:31:21 UTC,Agile Methodologies,Joseph,Webber,www.linkedin.com/in/joseph-webber-b563627b,ACCEPTED
2014/04/22 11:40:27 UTC,Databases,Achana Dhanushka,Weerathunga,www.linkedin.com/in/achana-dhanushka-weerathunga-899a6a22,ACCEPTED
2014/04/06 07:02:59 UTC,Groovy,Chanura,Hemal,www.linkedin.com/in/chanura-h-1b70a77,ACCEPTED
2014/02/21 21:44:57 UTC,Databases,Martyn ,Beal,www.linkedin.com/in/martyn-beal-7218371,ACCEPTED
2014/02/21 21:44:23 UTC,Tomcat,Martyn ,Beal,www.linkedin.com/in/martyn-beal-7218371,ACCEPTED
2014/02/19 13:38:36 UTC,Tomcat,Achana Dhanushka,Weerathunga,www.linkedin.com/in/achana-dhanushka-weerathunga-899a6a22,ACCEPTED
2014/02/13 13:27:41 UTC,Maven,Achana Dhanushka,Weerathunga,www.linkedin.com/in/achana-dhanushka-weerathunga-899a6a22,ACCEPTED
2014/01/21 18:37:13 UTC,Continuous Integration,Enrique,Blanco Sanz,www.linkedin.com/in/eblanco,ACCEPTED
2014/01/15 01:31:34 UTC,Maven,Martyn ,Beal,www.linkedin.com/in/martyn-beal-7218371,ACCEPTED
2013/12/02 21:55:28 UTC,Java Enterprise Edition,Pablo,Rozas Larraondo,www.linkedin.com/in/pablo-rozas-larraondo-a2182686,ACCEPTED
2013/12/02 21:54:53 UTC,Spring,Pablo,Rozas Larraondo,www.linkedin.com/in/pablo-rozas-larraondo-a2182686,ACCEPTED
2013/11/07 03:19:43 UTC,Groovy,Martyn ,Beal,www.linkedin.com/in/martyn-beal-7218371,ACCEPTED
2013/11/07 03:16:04 UTC,Continuous Integration,Martyn ,Beal,www.linkedin.com/in/martyn-beal-7218371,ACCEPTED
2013/11/01 11:26:01 UTC,Spring,Nicolas,Nombela,www.linkedin.com/in/nnombela,ACCEPTED
2013/10/31 21:44:32 UTC,JSF,Enrique,Blanco Sanz,www.linkedin.com/in/eblanco,ACCEPTED
2013/10/31 07:00:13 UTC,Hibernate,Joseph,Webber,www.linkedin.com/in/joseph-webber-b563627b,ACCEPTED
2013/10/30 14:56:01 UTC,Java Enterprise Edition,Joseph,Webber,www.linkedin.com/in/joseph-webber-b563627b,ACCEPTED
2013/10/30 14:18:42 UTC,J2EE Application Development,Joseph,Webber,www.linkedin.com/in/joseph-webber-b563627b,ACCEPTED
2013/10/30 14:14:04 UTC,Spring,Joseph,Webber,www.linkedin.com/in/joseph-webber-b563627b,ACCEPTED
2013/10/30 00:31:34 UTC,J2EE Application Development,Martyn ,Beal,www.linkedin.com/in/martyn-beal-7218371,ACCEPTED
2013/10/25 20:32:12 UTC,Agile Methodologies,Enrique,Blanco Sanz,www.linkedin.com/in/eblanco,ACCEPTED
2013/10/22 11:23:01 UTC,J2EE Application Development,Peter,McNeil,www.linkedin.com/in/peter-mcneil-79b14813,REJECTED
2013/10/15 00:20:26 UTC,Web Services,Chanura,Hemal,www.linkedin.com/in/chanura-h-1b70a77,ACCEPTED
2013/10/15 00:20:24 UTC,Software Engineering,Chanura,Hemal,www.linkedin.com/in/chanura-h-1b70a77,ACCEPTED
2013/10/15 00:20:16 UTC,Java Enterprise Edition,Chanura,Hemal,www.linkedin.com/in/chanura-h-1b70a77,ACCEPTED
2013/10/15 00:20:12 UTC,Java,Chanura,Hemal,www.linkedin.com/in/chanura-h-1b70a77,ACCEPTED
2013/10/15 00:20:08 UTC,Hibernate,Chanura,Hemal,www.linkedin.com/in/chanura-h-1b70a77,ACCEPTED
2013/10/09 03:45:07 UTC,Agile Methodologies,Nick,Biziak,www.linkedin.com/in/nick-biziak-7995a79,ACCEPTED
2013/10/09 03:45:07 UTC,Java Enterprise Edition,Nick,Biziak,www.linkedin.com/in/nick-biziak-7995a79,ACCEPTED
2013/10/09 03:45:07 UTC,SDLC,Nick,Biziak,www.linkedin.com/in/nick-biziak-7995a79,ACCEPTED
2013/10/09 03:45:07 UTC,Spring,Nick,Biziak,www.linkedin.com/in/nick-biziak-7995a79,ACCEPTED
2013/10/09 03:45:07 UTC,Team Leadership,Nick,Biziak,www.linkedin.com/in/nick-biziak-7995a79,ACCEPTED
2013/10/04 08:24:17 UTC,Open Source,John Ferguson,Smart,www.linkedin.com/in/john-ferguson-smart,ACCEPTED
2013/09/21 12:21:28 UTC,Java Enterprise Edition,Enrique,Blanco Sanz,www.linkedin.com/in/eblanco,ACCEPTED
2013/08/26 23:15:38 UTC,Java Enterprise Edition,John Ferguson,Smart,www.linkedin.com/in/john-ferguson-smart,ACCEPTED
2013/08/12 04:14:20 UTC,Continuous Integration,John Ferguson,Smart,www.linkedin.com/in/john-ferguson-smart,ACCEPTED
2013/08/09 07:58:47 UTC,Continuous Integration,Zul,Al-Kabir,www.linkedin.com/in/zul-al-kabir-9653a568,ACCEPTED
2013/08/02 01:10:06 UTC,Java Enterprise Edition,Peter,Black,www.linkedin.com/in/peter-black-91033827,ACCEPTED
2013/08/02 01:10:04 UTC,Databases,Peter,Black,www.linkedin.com/in/peter-black-91033827,ACCEPTED
2013/08/02 01:08:55 UTC,Spring,Peter,Black,www.linkedin.com/in/peter-black-91033827,ACCEPTED
2013/07/29 09:44:53 UTC,Databases,Carlos,Salgado Mora,www.linkedin.com/in/carlos-salgado,ACCEPTED
2013/07/29 09:43:57 UTC,Spring,Carlos,Salgado Mora,www.linkedin.com/in/carlos-salgado,ACCEPTED
2013/07/27 00:40:15 UTC,Java Enterprise Edition,John,McManus,www.linkedin.com/in/johnpatrickmcmanus,ACCEPTED
2013/07/17 11:14:20 UTC,SDLC,John Ferguson,Smart,www.linkedin.com/in/john-ferguson-smart,ACCEPTED
2013/07/09 11:46:19 UTC,Spring,Alberto,Martín Orois,www.linkedin.com/in/alberto-martín-orois-0265817,ACCEPTED
2013/07/08 10:45:39 UTC,Hibernate,Zul,Al-Kabir,www.linkedin.com/in/zul-al-kabir-9653a568,ACCEPTED
2013/07/08 10:45:39 UTC,Java Enterprise Edition,Zul,Al-Kabir,www.linkedin.com/in/zul-al-kabir-9653a568,ACCEPTED
2013/07/08 10:45:39 UTC,Java,Zul,Al-Kabir,www.linkedin.com/in/zul-al-kabir-9653a568,ACCEPTED
2013/07/08 10:45:39 UTC,Agile Methodologies,Zul,Al-Kabir,www.linkedin.com/in/zul-al-kabir-9653a568,ACCEPTED
2013/07/08 10:45:39 UTC,Spring,Zul,Al-Kabir,www.linkedin.com/in/zul-al-kabir-9653a568,ACCEPTED
2013/07/03 21:17:21 UTC,Spring,Federico,Caro del Moral,www.linkedin.com/in/federicojcdm,ACCEPTED
2013/06/28 23:52:44 UTC,Java Enterprise Edition,Teresa,Benito Martín,www.linkedin.com/in/teresa-benito-martín-b558255,ACCEPTED
2013/06/26 04:25:54 UTC,Web Development,Prasanna,Illukkumbura,www.linkedin.com/in/prasanna-illukkumbura-0996778,ACCEPTED
2013/06/26 04:24:36 UTC,SOA,Prasanna,Illukkumbura,www.linkedin.com/in/prasanna-illukkumbura-0996778,ACCEPTED
2013/06/26 04:24:27 UTC,Software Engineering,Prasanna,Illukkumbura,www.linkedin.com/in/prasanna-illukkumbura-0996778,ACCEPTED
2013/06/26 04:24:26 UTC,Scrum,Prasanna,Illukkumbura,www.linkedin.com/in/prasanna-illukkumbura-0996778,ACCEPTED
2013/06/26 04:24:16 UTC,Web Services,Prasanna,Illukkumbura,www.linkedin.com/in/prasanna-illukkumbura-0996778,ACCEPTED
2013/06/26 04:24:14 UTC,Maven,Prasanna,Illukkumbura,www.linkedin.com/in/prasanna-illukkumbura-0996778,ACCEPTED
2013/06/26 04:24:11 UTC,Hibernate,Prasanna,Illukkumbura,www.linkedin.com/in/prasanna-illukkumbura-0996778,ACCEPTED
2013/06/26 04:24:10 UTC,Agile Project Management,Prasanna,Illukkumbura,www.linkedin.com/in/prasanna-illukkumbura-0996778,ACCEPTED
2013/06/26 04:24:07 UTC,Java,Prasanna,Illukkumbura,www.linkedin.com/in/prasanna-illukkumbura-0996778,ACCEPTED
2013/06/26 04:24:06 UTC,Agile Methodologies,Prasanna,Illukkumbura,www.linkedin.com/in/prasanna-illukkumbura-0996778,ACCEPTED
2013/06/26 04:24:03 UTC,Spring,Prasanna,Illukkumbura,www.linkedin.com/in/prasanna-illukkumbura-0996778,ACCEPTED
2013/06/23 12:42:58 UTC,Spring,John Ferguson,Smart,www.linkedin.com/in/john-ferguson-smart,ACCEPTED
2013/06/23 12:42:54 UTC,Hibernate,John Ferguson,Smart,www.linkedin.com/in/john-ferguson-smart,ACCEPTED
2013/06/14 04:38:42 UTC,JSF,Bryn,Honeyman,www.linkedin.com/in/bryn-honeyman-824b6b36,ACCEPTED
2013/06/14 04:38:35 UTC,Agile Project Management,Bryn,Honeyman,www.linkedin.com/in/bryn-honeyman-824b6b36,ACCEPTED
2013/06/14 04:38:06 UTC,Software Engineering,Bryn,Honeyman,www.linkedin.com/in/bryn-honeyman-824b6b36,ACCEPTED
2013/06/07 21:45:31 UTC,Agile Methodologies,Faraz,Mahmood,www.linkedin.com/in/faraz-mahmood-b6aa7762,ACCEPTED
2013/06/07 01:49:51 UTC,Test Driven Development,Bryn,Honeyman,www.linkedin.com/in/bryn-honeyman-824b6b36,ACCEPTED
2013/05/24 22:01:50 UTC,Java,Faraz,Mahmood,www.linkedin.com/in/faraz-mahmood-b6aa7762,ACCEPTED
2013/05/24 22:01:31 UTC,Spring,Faraz,Mahmood,www.linkedin.com/in/faraz-mahmood-b6aa7762,ACCEPTED
2013/05/21 22:44:18 UTC,Maven,Chanura,Hemal,www.linkedin.com/in/chanura-h-1b70a77,ACCEPTED
2013/05/15 10:05:48 UTC,JSF,Martyn ,Beal,www.linkedin.com/in/martyn-beal-7218371,ACCEPTED
2013/05/15 10:04:48 UTC,Test Driven Development,Martyn ,Beal,www.linkedin.com/in/martyn-beal-7218371,ACCEPTED
2013/05/06 09:07:08 UTC,Business Analysis,Martyn ,Beal,www.linkedin.com/in/martyn-beal-7218371,ACCEPTED
2013/05/06 09:06:30 UTC,SOA,Martyn ,Beal,www.linkedin.com/in/martyn-beal-7218371,ACCEPTED
2013/05/02 16:26:10 UTC,Web Development,Bryn,Honeyman,www.linkedin.com/in/bryn-honeyman-824b6b36,ACCEPTED
2013/05/02 16:25:40 UTC,Agile Methodologies,Bryn,Honeyman,www.linkedin.com/in/bryn-honeyman-824b6b36,ACCEPTED
2013/05/02 16:25:28 UTC,Spring,Bryn,Honeyman,www.linkedin.com/in/bryn-honeyman-824b6b36,ACCEPTED
2013/05/02 16:25:21 UTC,Java,Bryn,Honeyman,www.linkedin.com/in/bryn-honeyman-824b6b36,ACCEPTED
2013/04/22 12:11:08 UTC,Spring,Chanura,Hemal,www.linkedin.com/in/chanura-h-1b70a77,ACCEPTED
2013/04/18 03:32:09 UTC,Software Engineering,Achana Dhanushka,Weerathunga,www.linkedin.com/in/achana-dhanushka-weerathunga-899a6a22,ACCEPTED
2013/04/18 03:32:09 UTC,Groovy,Achana Dhanushka,Weerathunga,www.linkedin.com/in/achana-dhanushka-weerathunga-899a6a22,ACCEPTED
2013/04/18 03:32:09 UTC,Test Driven Development,Achana Dhanushka,Weerathunga,www.linkedin.com/in/achana-dhanushka-weerathunga-899a6a22,ACCEPTED
2013/04/18 03:32:09 UTC,Agile Methodologies,Achana Dhanushka,Weerathunga,www.linkedin.com/in/achana-dhanushka-weerathunga-899a6a22,ACCEPTED
2013/04/18 03:32:09 UTC,SOA,Achana Dhanushka,Weerathunga,www.linkedin.com/in/achana-dhanushka-weerathunga-899a6a22,ACCEPTED
2013/04/02 11:00:51 UTC,Java Enterprise Edition,Carlos,Salgado Mora,www.linkedin.com/in/carlos-salgado,ACCEPTED
2013/03/25 08:23:10 UTC,Java Enterprise Edition,Aaron,O'Neill,www.linkedin.com/in/aaron-o-neill-7b9b4130,ACCEPTED
2013/03/25 08:22:28 UTC,Web Services,Aaron,O'Neill,www.linkedin.com/in/aaron-o-neill-7b9b4130,ACCEPTED
2013/02/25 03:43:19 UTC,Agile Methodologies,Martyn ,Beal,www.linkedin.com/in/martyn-beal-7218371,ACCEPTED
2013/02/25 03:39:32 UTC,Java Enterprise Edition,Martyn ,Beal,www.linkedin.com/in/martyn-beal-7218371,ACCEPTED
2013/02/12 04:29:10 UTC,Spring,Martyn ,Beal,www.linkedin.com/in/martyn-beal-7218371,ACCEPTED
2013/02/07 05:07:56 UTC,SQL,Peter,Black,www.linkedin.com/in/peter-black-91033827,ACCEPTED
2013/02/07 05:06:22 UTC,Web Services,Peter,Black,www.linkedin.com/in/peter-black-91033827,ACCEPTED
2013/02/07 05:04:13 UTC,Agile Methodologies,Peter,Black,www.linkedin.com/in/peter-black-91033827,ACCEPTED
2013/02/07 05:03:08 UTC,XML,Peter,Black,www.linkedin.com/in/peter-black-91033827,ACCEPTED
2013/02/07 05:02:53 UTC,Enterprise Architecture,Peter,Black,www.linkedin.com/in/peter-black-91033827,ACCEPTED
2013/02/07 05:01:52 UTC,Requirements Analysis,Peter,Black,www.linkedin.com/in/peter-black-91033827,ACCEPTED
2013/02/07 05:01:10 UTC,Web Development,Peter,Black,www.linkedin.com/in/peter-black-91033827,ACCEPTED
2013/02/07 05:00:56 UTC,HTML,Peter,Black,www.linkedin.com/in/peter-black-91033827,ACCEPTED
2013/02/07 04:59:54 UTC,SOA,Peter,Black,www.linkedin.com/in/peter-black-91033827,ACCEPTED
2013/02/05 10:15:10 UTC,Agile Project Management,Achana Dhanushka,Weerathunga,www.linkedin.com/in/achana-dhanushka-weerathunga-899a6a22,ACCEPTED
2013/02/05 10:15:10 UTC,Scrum,Achana Dhanushka,Weerathunga,www.linkedin.com/in/achana-dhanushka-weerathunga-899a6a22,ACCEPTED
2013/02/05 10:15:10 UTC,Hibernate,Achana Dhanushka,Weerathunga,www.linkedin.com/in/achana-dhanushka-weerathunga-899a6a22,ACCEPTED
2013/02/05 10:15:10 UTC,Spring,Achana Dhanushka,Weerathunga,www.linkedin.com/in/achana-dhanushka-weerathunga-899a6a22,ACCEPTED
2013/02/05 10:15:10 UTC,Java Enterprise Edition,Achana Dhanushka,Weerathunga,www.linkedin.com/in/achana-dhanushka-weerathunga-899a6a22,ACCEPTED
2013/01/21 23:57:25 UTC,Agile Methodologies,John Ferguson,Smart,www.linkedin.com/in/john-ferguson-smart,ACCEPTED
2012/11/28 14:37:34 UTC,Spring,Enrique,Blanco Sanz,www.linkedin.com/in/eblanco,ACCEPTED
2012/11/26 22:02:07 UTC,Spring,Peter,McNeil,www.linkedin.com/in/peter-mcneil-79b14813,ACCEPTED
2012/11/20 15:54:47 UTC,Spring,Aaron,O'Neill,www.linkedin.com/in/aaron-o-neill-7b9b4130,ACCEPTED
2012/11/09 12:36:24 UTC,Hibernate,Martyn ,Beal,www.linkedin.com/in/martyn-beal-7218371,ACCEPTED
2012/10/18 15:46:34 UTC,Scrum,Enrique,Blanco Sanz,www.linkedin.com/in/eblanco,ACCEPTED
2012/10/17 11:22:26 UTC,jQuery,Rocío,Bernal,www.linkedin.com/in/rociobernal,ACCEPTED
2012/10/15 11:24:34 UTC,Java,Federico,Caro del Moral,www.linkedin.com/in/federicojcdm,ACCEPTED
2012/10/10 11:01:20 UTC,Agile Project Management,Enrique,Blanco Sanz,www.linkedin.com/in/eblanco,ACCEPTED
2012/10/03 11:55:45 UTC,Java,Peter,McNeil,www.linkedin.com/in/peter-mcneil-79b14813,ACCEPTED
2012/09/10 10:35:04 UTC,Maven,John Ferguson,Smart,www.linkedin.com/in/john-ferguson-smart,ACCEPTED
2012/08/30 23:26:44 UTC,Java,John Ferguson,Smart,www.linkedin.com/in/john-ferguson-smart,ACCEPTED
