From,To,Sent At,Message,Direction,inviterProfileUrl,inviteeProfileUrl
Angel Ruiz,Sergey Ryabtsev,"4/17/25, 4:10 AM",,OUTGOING,https://www.linkedin.com/in/angelruiz,https://www.linkedin.com/in/snark-sr
Angel Ruiz,Bartosz Tybus,"3/29/25, 11:48 AM",,OUTGOING,https://www.linkedin.com/in/angelruiz,https://www.linkedin.com/in/btybus
Angel Ruiz,Dan Mihalache,"3/28/25, 10:01 AM",,OUTGOING,https://www.linkedin.com/in/angelruiz,https://www.linkedin.com/in/dmihalache
Angel Ruiz,Mariola Czerwonka,"3/28/25, 9:51 AM",,OUTGOING,https://www.linkedin.com/in/angelruiz,https://www.linkedin.com/in/mariola-czerwonka-2a535a60
Angel Ruiz,Jocelyn Pedler,"3/8/25, 9:00 AM",,OUTGOING,https://www.linkedin.com/in/angelruiz,https://www.linkedin.com/in/jocelynpedler
Angel Ruiz,Ravi Varma,"3/8/25, 8:59 AM",,OUTGOING,https://www.linkedin.com/in/angelruiz,https://www.linkedin.com/in/ravi-varma-43820620
Angel Ruiz,Alfredo Amatriain Martinez,"3/6/25, 8:58 AM",,OUTGOING,https://www.linkedin.com/in/angelruiz,https://www.linkedin.com/in/alfredo-amatriain-martinez-28638514
Angel Ruiz,Fila Bertrand,"3/6/25, 8:58 AM",,OUTGOING,https://www.linkedin.com/in/angelruiz,https://www.linkedin.com/in/fila-bertrand
Angel Ruiz,Christian Lane,"2/24/25, 9:23 AM",,OUTGOING,https://www.linkedin.com/in/angelruiz,https://www.linkedin.com/in/laneci
Angel Ruiz,Olatz Castaño Pérez,"2/11/25, 10:48 AM",,OUTGOING,https://www.linkedin.com/in/angelruiz,https://www.linkedin.com/in/olatz-castaño-pérez-39034011a
Angel Ruiz,Ketty Garat,"1/27/25, 11:18 AM",,OUTGOING,https://www.linkedin.com/in/angelruiz,https://www.linkedin.com/in/kettygarat
Angel Ruiz,Maciej Swinarski,"1/27/25, 11:17 AM",,OUTGOING,https://www.linkedin.com/in/angelruiz,https://www.linkedin.com/in/maciejswinarski
Angel Ruiz,Jagoba Meabe Aguirre,"1/27/25, 11:17 AM",,OUTGOING,https://www.linkedin.com/in/angelruiz,https://www.linkedin.com/in/jagoba-meabe-aguirre-9b8667143
Angel Ruiz,Zach Phillips,"11/15/24, 3:10 AM",,OUTGOING,https://www.linkedin.com/in/angelruiz,https://www.linkedin.com/in/wzachphillips
Angel Ruiz,Łukasz Pieczątka,"11/15/24, 3:09 AM",,OUTGOING,https://www.linkedin.com/in/angelruiz,https://www.linkedin.com/in/łukasz-pieczątka-258b35166
Angel Ruiz,Paul Lechner,"11/15/24, 3:10 AM",,OUTGOING,https://www.linkedin.com/in/angelruiz,https://www.linkedin.com/in/paulalanlechner
Angel Ruiz,Justin Spies,"11/15/24, 3:10 AM",,OUTGOING,https://www.linkedin.com/in/angelruiz,https://www.linkedin.com/in/justinspies
Angel Ruiz,Bartłomiej Jańczak,"11/15/24, 3:09 AM",,OUTGOING,https://www.linkedin.com/in/angelruiz,https://www.linkedin.com/in/bartlomiejjanczak
Angel Ruiz,Juan Alvarez,"11/15/24, 3:08 AM",,OUTGOING,https://www.linkedin.com/in/angelruiz,https://www.linkedin.com/in/juan-alvarez-7aa51741
Angel Ruiz,Adolfo Aparicio,"11/1/24, 2:04 PM",,OUTGOING,https://www.linkedin.com/in/angelruiz,https://www.linkedin.com/in/adolfo-aparicio-83a334295
Aravind Kashyap,Angel Ruiz,"4/7/25, 7:25 AM",,INCOMING,https://www.linkedin.com/in/aravindvks,https://www.linkedin.com/in/angelruiz
Mruthyunjaya Sriram,Angel Ruiz,"3/29/25, 12:00 AM",,INCOMING,https://www.linkedin.com/in/mruthyunjaya-sriram-423aa7159,https://www.linkedin.com/in/angelruiz
Miguelángel Fernández,Angel Ruiz,"3/15/25, 5:51 AM",,INCOMING,https://www.linkedin.com/in/mig82,https://www.linkedin.com/in/angelruiz
Berket Tewolde,Angel Ruiz,"3/6/25, 6:54 AM","Hey Angel! Given your role as a Manager and Technical Team Lead, my team and I wanted to invite you to our complimentary CloudWorld Tour event in Madrid, Spain this upcoming Wednesday (3/12) that I thought you may have interest in attending. I'd love to connect and share more details on the event!",INCOMING,https://www.linkedin.com/in/berket-tewolde,https://www.linkedin.com/in/angelruiz
Stefan Forstmoser,Angel Ruiz,"3/5/25, 12:46 PM",,INCOMING,https://www.linkedin.com/in/stefan-forstmoser-2472281,https://www.linkedin.com/in/angelruiz
Akshay  Saraf,Angel Ruiz,"3/1/25, 5:31 PM",,INCOMING,https://www.linkedin.com/in/akshay-saraf-11701112a,https://www.linkedin.com/in/angelruiz
Ivaylo Mihaylov,Angel Ruiz,"2/14/25, 7:17 PM",,INCOMING,https://www.linkedin.com/in/mihaylovivaylo,https://www.linkedin.com/in/angelruiz
Purna boyapati,Angel Ruiz,"2/11/25, 6:35 AM",,INCOMING,https://www.linkedin.com/in/purnaboyapati,https://www.linkedin.com/in/angelruiz
George Dinkov,Angel Ruiz,"2/10/25, 7:27 AM",,INCOMING,https://www.linkedin.com/in/gdinkov,https://www.linkedin.com/in/angelruiz
Paweł Mazur,Angel Ruiz,"2/6/25, 11:52 AM",,INCOMING,https://www.linkedin.com/in/paweł-mazur-906638124,https://www.linkedin.com/in/angelruiz
Maciek Saganowski,Angel Ruiz,"2/5/25, 4:24 AM",,INCOMING,https://www.linkedin.com/in/macieksaganowski,https://www.linkedin.com/in/angelruiz
Ivan Ivanov,Angel Ruiz,"1/30/25, 1:03 PM",,INCOMING,https://www.linkedin.com/in/ivan-ivanov-a77206130,https://www.linkedin.com/in/angelruiz
Rachel Miner,Angel Ruiz,"1/30/25, 11:27 AM",,INCOMING,https://www.linkedin.com/in/rachel-miner-5280,https://www.linkedin.com/in/angelruiz
Karina Trentini,Angel Ruiz,"1/28/25, 4:54 AM",,INCOMING,https://www.linkedin.com/in/karina-trentini-77ab172aa,https://www.linkedin.com/in/angelruiz
Melissa Bringas Zegarra,Angel Ruiz,"1/20/25, 2:05 AM",,INCOMING,https://www.linkedin.com/in/melissa-b-2b1a9a151,https://www.linkedin.com/in/angelruiz
Ross Barbieri,Angel Ruiz,"1/16/25, 7:04 AM",,INCOMING,https://www.linkedin.com/in/rossbarbieri,https://www.linkedin.com/in/angelruiz
Maria Mamatova🚀,Angel Ruiz,"1/15/25, 2:20 AM",,INCOMING,https://www.linkedin.com/in/maria-mamatova,https://www.linkedin.com/in/angelruiz
"Josana Reviro-Ignacio, CLSSYB",Angel Ruiz,"1/7/25, 10:12 PM",,INCOMING,https://www.linkedin.com/in/josana-reviro-ignacio-clssyb-565a68b9,https://www.linkedin.com/in/angelruiz
Mikołaj Czermak,Angel Ruiz,"1/2/25, 10:34 AM",,INCOMING,https://www.linkedin.com/in/mikoreal,https://www.linkedin.com/in/angelruiz
Mehmed Shehov,Angel Ruiz,"12/10/24, 10:35 PM",,INCOMING,https://www.linkedin.com/in/mehmed-shehov,https://www.linkedin.com/in/angelruiz
Victoria Budziak,Angel Ruiz,"12/10/24, 12:44 AM",,INCOMING,https://www.linkedin.com/in/victoria-budziak-9032671a9,https://www.linkedin.com/in/angelruiz
Chandani Verma,Angel Ruiz,"12/5/24, 7:26 AM",,INCOMING,https://www.linkedin.com/in/chandani-verma-2a3341192,https://www.linkedin.com/in/angelruiz
Iñaki León,Angel Ruiz,"11/29/24, 6:36 AM",,INCOMING,https://www.linkedin.com/in/iñaki-león-area-manager-business-manager,https://www.linkedin.com/in/angelruiz
Radek Kaźmierczak,Angel Ruiz,"11/25/24, 10:17 PM",,INCOMING,https://www.linkedin.com/in/radoslawkazmierczak,https://www.linkedin.com/in/angelruiz
Vanessa Quilliam,Angel Ruiz,"11/25/24, 10:50 AM",,INCOMING,https://www.linkedin.com/in/vanessa-quilliam,https://www.linkedin.com/in/angelruiz
Kevin Stark,Angel Ruiz,"11/18/24, 1:29 PM",,INCOMING,https://www.linkedin.com/in/kevin-stark-5b77011a,https://www.linkedin.com/in/angelruiz
Antxon Eguiguren Pérez,Angel Ruiz,"11/14/24, 4:28 AM",,INCOMING,https://www.linkedin.com/in/antxon-eguiguren,https://www.linkedin.com/in/angelruiz
Consuelo Nestares Pradilla,Angel Ruiz,"11/12/24, 2:53 AM","Hola, Soy Consuelo Nestares,Talent Consultant en Ziorem Nuestro cliente es una compañía internacional del sector Tecnología, que requiere un TECHNICAL LEAD especializado en Backend en Madrid con formato híbrido. https://acortar.link/IbETOS  Si te interesa, facilítame tu CV. Un saludo",INCOMING,https://www.linkedin.com/in/consuelo-nestares-pradilla-8314a3275,https://www.linkedin.com/in/angelruiz
Kavita  Sanapala,Angel Ruiz,"11/8/24, 5:03 AM",,INCOMING,https://www.linkedin.com/in/kavita-s-71180421b,https://www.linkedin.com/in/angelruiz
Sophie Giorgobiani,Angel Ruiz,"10/31/24, 7:14 AM","Hi Angel,  I am contacting you regarding a Staff Engineer role @ Appsmith. It’s a US based low-code platform which raised $41M in Series B. In this remote role, you’ll be scaling a new product on their enterprise platform.  When can we chat?  Sophie ",INCOMING,https://www.linkedin.com/in/sophiegiorgobiani,https://www.linkedin.com/in/angelruiz
Paweł Guz,Angel Ruiz,"10/22/24, 11:58 AM",,INCOMING,https://www.linkedin.com/in/pawelguz,https://www.linkedin.com/in/angelruiz
Pedro Lemos Gomes,Angel Ruiz,"3/29/23, 8:28 AM","Hola Angel,  Soy Pedro COO de ARATECH He visto que necesitáis un SR Software Engineer  En ARATECH podemos apoyaros en estos procesos de reclutamiento Hace 2-3 semanas cubrimos una posición similar para uno de nuestros partners y tenemos perfiles TOP en BBDD  ¿Nos reunimos y detallamos? Saludos :)",INCOMING,https://www.linkedin.com/in/pedro-lemos-gomes,https://www.linkedin.com/in/angelruiz
Francisco Siles López,Angel Ruiz,"2/21/16, 9:20 AM",,INCOMING,https://www.linkedin.com/in/francisco-siles-lópez-095974115,https://www.linkedin.com/in/angelruiz
