First Name,Last Name,Billing Country,Postal Code,Transaction Made At,Payment Method Type,Invoice Number,Description,Tax Amount,Sub Total,Total Amount,Currency Code
Angel,Ruiz Calvo,au,2600,"9/29/15, 2:07 AM",CreditCard,3186360763,Premium Job Seeker Subscription renewal (Monthly),0,29.99,29.99,AUD
Angel,Ruiz Calvo,au,2600,"8/29/15, 2:07 AM",CreditCard,3073232553,Premium Job Seeker Subscription renewal (Monthly),0,29.99,29.99,AUD
Angel,Ruiz Calvo,au,2600,"7/29/15, 2:07 AM",CreditCard,2963532603,Premium Job Seeker Subscription renewal (Monthly),0,29.99,29.99,AUD
Angel,Ruiz Calvo,au,2600,"6/29/15, 2:08 AM",CreditCard,2861417213,Premium Job Seeker Subscription (Monthly),0,0.00,0.00,AUD
Angel,Ruiz,au,2600,"6/3/13, 12:33 AM",,72511880,Business Subscription (Monthly),0,0.00,0.00,AUD
