Date/Time,Media Description,Media Link
"You uploaded a profile photo on May 8, 2024 at 4:04 PM (GMT)", -,https://media.licdn.com/dms/image/v2/D4D03AQEKsMG7g6M9Ig/profile-displayphoto-shrink_100_100/profile-displayphoto-shrink_100_100/0/1715184256380?e=2147483647&v=beta&t=22OI1JlDdbK2FZsYyxxkmXftoTpyo-8ClJiFEjmS6Cg
"You uploaded a profile photo on May 7, 2024 at 3:10 PM (GMT)", -,https://media.licdn.com/dms/image/v2/D4D04AQE7nqvUjS4qqw/profile-originalphoto-shrink_900_1200/profile-originalphoto-shrink_900_1200/0/1715094612724?e=1750291200&v=beta&t=DBG9Yzg3OXXZIM3MEuHrI2GoapSTtXeHBSvGWzmueNc
"You uploaded a profile background photo on February 20, 2024 at 9:13 PM (GMT)", -,https://media.licdn.com/dms/image/v2/D4D16AQFedDqs8yEG5Q/profile-displaybackgroundimage-shrink_200_800/profile-displaybackgroundimage-shrink_200_800/0/1708463630940?e=2147483647&v=beta&t=goNH-Q9qyQWVdHHvxpqA80ZK4xlpCptNNRWi-GpyV_Q
"You uploaded a profile background photo on February 18, 2024 at 6:15 PM (GMT)", -,https://media.licdn.com/dms/image/v2/D4D04AQEDH3-KZ-kBdw/profile-originalbackgroundimage-shrink_396_1584/profile-originalbackgroundimage-shrink_396_1584/0/1708280132529?e=1750291200&v=beta&t=DskN6lOz1CKlROcxbbKN6nzaFSuLaeEh5Y_bP61HwvI
"You uploaded a photo on October 22, 2020 at 9:11 PM (GMT)", -,https://media.licdn.com/dms/image/v2/C4E2CAQFUjaWzTgZCwA/comment-image-shrink_8192_1280/comment-image-shrink_8192_1280/0/1603401113902?e=1745571600&v=beta&t=5N7jkZeKi4jwEQtXlHsaGSVb9ufFAmthP5lBleqOggs
"You uploaded a document on March 10, 2020 at 11:57 AM (GMT)", -,https://media.licdn.com/dms/document/media/v2/C562DAQHDAeiA-I5kAA/profile-treasury-document-pdf-analyzed/profile-treasury-document-pdf-analyzed/0/1583841481193?e=2147483647&v=beta&t=af_QI-rsracsiwlFGqabci3SMzcWtrYHL1jcsJrTFts
"You uploaded a document on March 8, 2020 at 5:36 PM (GMT)", -,https://media.licdn.com/dms/document/media/v2/C562DAQFvDOuh_B2nJw/profile-treasury-document-pdf-analyzed/profile-treasury-document-pdf-analyzed/0/1583688975923?e=2147483647&v=beta&t=EgmNgggGRXUiqVtDOq3Jy1uJH8ZnfpSR20m4Lx4BD0c
"You uploaded a document on February 28, 2020 at 4:38 AM (GMT)", -,https://media.licdn.com/dms/document/media/v2/C562DAQG6rR6l29gXUg/profile-treasury-document-pdf-analyzed/profile-treasury-document-pdf-analyzed/0/1582864735929?e=2147483647&v=beta&t=hwjHjUBA2JPbdjTlToZM9_utrI0QCup-QmpXLott48Y
"You uploaded a photo on February 11, 2020 at 10:11 PM (GMT)", -,https://media.licdn.com/dms/image/v2/C562DAQF4deApBaDiYg/profile-treasury-image-shrink_8192_8192/profile-treasury-image-shrink_8192_8192/0/1597947738872?e=2147483647&v=beta&t=heFcZ318rDm-mq63V4LelOKTz-34isc5pi2xHc7-SbM
"You uploaded a photo on February 8, 2020 at 3:15 PM (GMT)", -,https://media.licdn.com/dms/image/v2/C562DAQH-PnNKil-XSQ/profile-treasury-image-shrink_8192_8192/profile-treasury-image-shrink_8192_8192/0/1602237787778?e=2147483647&v=beta&t=9K5vH2ahN0EDyaryjZmI_6af9_tppSaygjPzlGyANXA
