Application Date,Contact Email,Contact Phone Number,Company Name,Job Title,Job Url,Resume Name,Question And Answers
"7/15/15, 6:07 PM",aruizca@gmail.com, +61447513655,StratioBD,DATA SCIENTIST,http://www.linkedin.com/jobs/view/58758496,,
"6/4/15, 11:39 PM",aruizca@gmail.com,0447513655,Squiz Search (Funnelback) - Part of the Squiz DXP,Software Engineer,http://www.linkedin.com/jobs/view/53541741,,
"7/14/15, 4:58 PM",aruizca@gmail.com, +61447513655,Tecsisa,Desarrollador Scala,http://www.linkedin.com/jobs/view/60234608,,
"3/16/14, 10:58 PM",aruizca@gmail.com,0447513655,NICTA,Senior Software Engineer - eGov,http://www.linkedin.com/jobs/view/12762351,angels-resume.docx,
"6/28/15, 7:15 PM",aruizca@gmail.com, +61447513655,Fintonic,Software Engineer,http://www.linkedin.com/jobs/view/57780014,CV-Angel Ruiz-en (2015).pdf,
"7/5/15, 11:39 PM",aruizca@gmail.com, +61447513655,BQ,Category Manager,http://www.linkedin.com/jobs/view/58786667,,
"4/6/14, 7:47 AM",aruizca@gmail.com,0447513655,Orion Health,Cross-Functional Team Leader (Canberra),http://www.linkedin.com/jobs/view/12939687,,
"7/5/15, 11:41 PM",aruizca@gmail.com, +61447513655,BQ,QA Web End to End,http://www.linkedin.com/jobs/view/60280812,,
