Saved Date,Job Url,Job Title,Company Name
"3/29/21, 1:22 AM",http://www.linkedin.com/jobs/view/2437103301,IT Lead ,Mutua Madrileña
"9/20/23, 6:44 AM",http://www.linkedin.com/jobs/view/3640184216,Engineering Team Lead,Kolekti
"4/30/15, 3:26 PM",http://www.linkedin.com/jobs/view/44904101,Java Developer,M&T Resources
"3/24/25, 3:35 AM",http://www.linkedin.com/jobs/view/4115992799,Technical Leader Java | Microservicios | Hexagonal,knowmad mood
"5/18/15, 4:52 PM",http://www.linkedin.com/jobs/view/48954718,Software Engineer,Allhomes
